School Year,"Totals, Female: Asian (Tot. F)","Totals, Female: Black/African American (Tot. F)","Totals, Female: Hispanics of any race (Tot. F)","Totals, Female: Native Hawaiian/Other Pacific Islander (Tot. F)","Totals, Female: Two or more races (Tot. F)","Totals, Female: White (Tot. F)","Totals, Male: Asian (Tot. M)","Totals, Male: Black/African American (Tot. M)","Totals, Male: Hispanics of any race (Tot. M)","Totals, Male: American Indian/Alaska Native (Tot. M)","Totals, Male: Native Hawaiian/Other Pacific Islander (Tot. M)","Totals, Male: Two or more races (Tot. M)","Totals, Male: White (Tot. M)"
2005-2006,0,0,0,0,0,20,1,1,2,0,0,12,72
2006-2007,0,0,0,0,0,22,1,0,0,0,0,11,63
2007-2008,0,0,0,0,1,15,0,0,0,0,0,8,47
2011-2012,0,1,0,0,5,4,1,0,0,0,0,3,25
2004-2005,10,2,0,0,9,20,25,11,8,0,0,48,332
2005-2006,7,3,0,0,4,20,16,7,12,1,0,41,331
2006-2007,3,3,0,0,4,18,20,8,12,4,0,29,333
2007-2008,1,1,0,0,3,18,19,6,12,1,0,34,294
2008-2009,2,0,0,0,4,13,22,3,14,2,0,48,285
2009-2010,3,0,1,0,7,25,13,6,10,3,1,42,313
2010-2011,2,1,1,0,6,26,16,8,16,0,1,35,324
2011-2012,3,0,1,0,3,25,16,8,16,0,1,33,335
2012-2013,2,0,0,0,8,31,20,7,19,0,0,55,354
2013-2014,4,0,2,0,9,30,25,8,22,0,0,64,362
2010-2011,79,1,0,0,0,22,549,6,22,1,1,0,211
2011-2012,81,1,2,0,0,24,588,6,21,1,0,0,216
2012-2013,88,2,2,0,0,24,633,6,27,1,0,0,216
2014-2015,296,4,20,0,0,48,1128,24,177,6,0,0,398
2013-2014,256,3,27,0,0,34,1006,19,165,4,0,0,352
2012-2013,214,1,33,0,0,35,840,16,127,4,0,0,305
2011-2012,143,3,24,0,0,36,585,12,94,2,0,0,232
2010-2011,110,2,17,0,0,26,461,6,77,4,0,0,185
2009-2010,90,1,15,0,0,23,346,7,66,3,0,0,172
2008-2009,59,1,11,0,0,14,272,5,51,5,0,0,164
2007-2008,48,0,7,0,0,19,240,6,50,2,0,0,169
2006-2007,65,0,7,0,0,18,268,4,58,3,0,0,187
2005-2006,69,0,8,0,0,18,322,6,64,2,0,0,211
2004-2005,94,1,9,0,0,20,419,8,66,2,0,0,244
2003-2004,129,3,10,0,0,28,496,4,54,3,0,0,254
2003-2004,190,6,7,0,0,31,750,18,69,2,5,0,299
2004-2005,127,3,4,0,0,20,572,11,69,2,6,0,284
2005-2006,82,0,4,0,0,21,400,11,66,1,7,0,251
2006-2007,65,0,3,0,0,20,348,9,65,3,6,0,216
2007-2008,68,1,4,0,0,18,297,7,56,0,5,0,202
2008-2009,83,2,5,0,0,20,315,7,54,2,3,0,186
2009-2010,97,5,7,0,0,16,317,6,53,3,2,0,189
2010-2011,107,3,9,0,0,24,336,5,61,3,2,0,175
2011-2012,138,3,15,0,0,24,405,10,80,3,0,0,191
2012-2013,176,3,26,0,0,29,496,19,95,4,0,0,193
2013-2014,244,5,48,0,0,33,674,28,142,4,2,0,255
2014-2015,291,5,62,2,0,45,829,31,210,6,2,0,294
2015-2016,341,5,63,3,0,53,881,31,254,8,3,0,298
2014-2015,6,2,2,0,2,25,31,9,29,1,0,11,365
2009-2010,5,6,11,0,0,44,36,24,76,4,0,0,343
2010-2011,8,6,13,0,0,45,39,34,103,2,0,0,385
2011-2012,9,5,15,1,0,49,47,31,109,3,0,0,452
2012-2013,9,7,22,1,0,49,60,25,134,2,0,0,480
2013-2014,11,9,27,0,0,50,80,22,155,4,1,0,507
2014-2015,10,8,22,0,0,38,72,13,131,4,1,0,393
2014-2015,4,0,6,0,2,5,5,3,28,0,1,3,22
2015-2016,21,2,8,1,12,37,119,14,74,13,10,51,346
2015-2016,12,7,25,0,0,55,98,12,151,3,1,0,432
2016-2017,167,0,14,0,0,37,786,25,52,4,3,0,198
2010-2011,0,54,0,0,0,0,1,95,0,0,0,0,3
2011-2012,2,87,0,0,0,0,1,123,0,0,0,0,3
2012-2013,1,54,1,0,0,0,1,128,1,0,0,0,3
2013-2014,1,50,0,0,0,0,0,146,3,0,0,0,2
2014-2015,0,48,1,0,0,0,0,144,5,0,0,0,2
2015-2016,1,54,2,0,2,0,0,145,2,0,0,1,1
2012-2013,78,18,14,2,24,42,278,76,64,0,6,80,304
2008-2009,1,0,0,0,0,0,0,0,2,0,0,0,0
2008-2009,4,5,2,0,1,7,9,21,14,0,0,5,112
2009-2010,4,6,0,0,1,7,20,27,29,1,0,11,142
2010-2011,4,7,3,0,0,13,18,28,40,0,0,10,158
2011-2012,3,4,6,0,1,18,32,41,51,3,0,12,209
2012-2013,2,9,11,0,2,17,30,34,66,1,0,15,198
2013-2014,4,11,11,0,3,20,40,43,74,1,0,16,198
2013-2014,88,21,13,2,21,49,283,87,74,0,6,75,296
2014-2015,10,15,9,0,0,26,40,36,72,0,0,0,214
2010-2011,3,2,1,0,0,4,6,5,0,1,0,0,63
2011-2012,0,5,1,0,0,9,6,1,0,0,0,1,54
2012-2013,2,1,0,0,0,6,11,2,2,0,0,1,55
2013-2014,1,3,0,0,0,5,6,6,1,0,0,2,40
2015-2016,1,4,5,0,0,1,18,23,32,0,0,1,33
2014-2015,0,0,0,0,0,21,5,8,2,3,0,1,195
2015-2016,3,34,15,1,2,92,11,60,54,6,2,6,361
2015-2016,17,5,3,1,5,40,35,17,15,0,0,8,286
2014-2015,8,6,1,0,5,34,21,16,10,0,0,6,271
2013-2014,4,4,1,0,5,28,10,19,10,0,0,4,259
2012-2013,3,4,3,0,3,22,9,17,8,0,0,4,242
2011-2012,2,4,2,0,2,18,14,11,6,2,0,7,251
2010-2011,1,2,2,0,1,21,13,8,9,4,0,7,299
2009-2010,1,2,1,0,1,27,16,13,11,4,0,4,324
2008-2009,2,2,0,0,0,21,23,14,11,3,0,3,351
2015-2016,76,19,14,2,6,43,144,28,52,0,1,11,166
2014-2015,1,4,0,0,1,6,10,7,0,0,0,3,56
2015-2016,1,5,0,0,2,11,10,13,2,0,0,6,69
2004-2005,0,0,0,0,0,0,0,0,0,0,0,0,0
2015-2016,7,9,17,0,0,4,28,16,98,0,0,5,14
2016-2017,20,8,7,0,4,44,44,16,15,0,0,11,289
2011-2012,4,4,24,0,0,4,14,40,171,1,0,5,29
2012-2013,5,9,27,0,0,4,12,42,172,1,0,5,25
2013-2014,6,12,40,0,1,7,13,56,225,1,0,6,28
2014-2015,4,13,44,0,3,7,15,54,254,1,0,10,28
2015-2016,7,14,37,0,2,5,22,44,262,0,0,13,32
2005-2006,3,4,0,0,1,28,6,7,6,0,1,9,210
2006-2007,2,6,0,0,0,31,7,4,9,0,1,8,202
2014-2015,43,9,12,0,0,145,73,27,21,3,2,0,533
2014-2015,1,1,2,0,1,22,0,2,3,0,0,2,56
2014-2015,2,2,2,0,0,4,3,2,10,1,0,2,18
2008-2009,0,1,0,0,0,1,1,0,1,0,0,0,2
2004-2005,0,2,0,0,0,6,2,0,1,0,0,9,23
2005-2006,1,0,0,0,1,3,1,0,1,0,0,10,20
2011-2012,7,3,2,0,0,8,47,16,16,0,0,0,35
2011-2012,17,11,1,1,2,58,30,13,11,0,0,4,118
2008-2009,0,0,0,0,0,0,0,1,0,0,0,0,1
2012-2013,24,9,4,1,5,54,17,18,11,0,0,2,95
2013-2014,24,13,3,1,3,54,16,13,9,0,0,6,80
2014-2015,23,11,4,1,6,51,18,10,9,0,0,8,72
2015-2016,21,10,6,0,6,54,19,11,6,1,0,6,66
2010-2011,1,0,1,0,0,12,4,0,2,1,0,1,28
2011-2012,2,0,1,0,0,10,3,0,1,1,0,1,28
2012-2013,3,0,0,0,0,6,6,0,1,1,0,1,27
2013-2014,3,0,0,0,0,9,7,0,0,0,0,2,31
2014-2015,4,0,2,0,2,14,10,0,3,0,0,6,23
2014-2015,0,1,0,0,1,4,0,1,1,0,0,0,5
2015-2016,0,0,0,0,1,6,0,0,1,0,0,0,4
2010-2011,12,0,2,0,0,9,37,1,7,0,0,3,83
2011-2012,18,0,4,0,1,10,41,3,14,0,0,8,96
2012-2013,24,0,4,0,2,16,53,7,20,0,0,12,102
2013-2014,49,1,4,0,4,28,89,12,31,0,0,20,130
2014-2015,62,3,6,0,7,37,132,14,36,0,0,22,159
2015-2016,1,1,5,0,0,13,1,4,4,0,0,0,39
2015-2016,1,2,0,0,1,13,0,7,3,2,0,1,39
2015-2016,4,0,3,0,1,11,9,1,2,0,0,5,21
2011-2012,0,0,0,0,0,0,2,1,0,0,0,0,5
2012-2013,0,0,0,0,1,2,5,0,0,0,0,0,6
2013-2014,1,0,0,0,1,2,10,1,4,0,0,1,8
2014-2015,3,0,0,0,1,3,20,0,3,0,0,0,12
2015-2016,10,0,0,0,1,4,38,0,3,0,0,1,21
2011-2012,1,0,1,0,0,4,13,3,3,0,0,1,30
2012-2013,2,0,1,0,0,7,15,1,2,0,0,1,31
2013-2014,6,0,3,0,3,13,30,3,5,0,0,2,58
2014-2015,7,2,1,0,2,9,45,1,6,0,0,5,73
2015-2016,12,2,2,0,2,7,59,2,8,0,0,7,76
2013-2014,0,0,0,0,0,0,0,0,0,0,0,0,0
2014-2015,0,0,0,0,0,1,1,0,0,0,0,0,5
2015-2016,2,0,0,0,0,0,2,0,0,0,0,1,4
2013-2014,0,0,0,0,0,0,0,0,0,0,0,0,1
2014-2015,1,1,0,0,0,0,3,0,0,0,0,0,3
2015-2016,2,1,0,0,1,0,4,1,0,0,0,0,6
2013-2014,0,0,0,0,0,1,0,0,0,0,0,0,0
2014-2015,3,0,0,0,0,2,2,0,0,0,0,0,6
2015-2016,6,0,1,0,0,1,7,0,0,0,0,0,8
2014-2015,0,0,0,0,0,2,2,1,0,0,0,1,0
2015-2016,6,0,0,0,0,4,6,2,2,0,0,1,6
2016-2017,24,11,9,0,6,48,21,12,8,0,0,4,55
2013-2014,5,1,0,0,3,13,17,1,5,0,0,5,65
2012-2013,6,4,1,0,0,10,55,13,20,0,0,0,52
2013-2014,18,2,2,0,0,18,68,12,32,0,0,0,61
2014-2015,28,4,9,0,0,19,100,19,32,0,0,0,63
2015-2016,37,5,15,0,0,24,123,26,42,0,0,0,66
2004-2005,4,5,3,0,6,17,14,16,12,0,0,18,69
2005-2006,2,1,2,0,2,18,7,14,12,1,0,24,65
2010-2011,2,0,1,0,1,3,3,1,1,0,0,0,18
2011-2012,1,0,0,0,1,1,2,2,1,0,0,1,17
2012-2013,1,1,1,0,2,3,2,3,3,0,0,1,17
2013-2014,5,0,1,0,0,8,2,1,5,0,0,1,21
2014-2015,6,0,1,0,1,10,6,4,8,0,0,1,25
2014-2015,0,0,0,0,0,4,0,0,0,0,0,0,9
2015-2016,0,0,0,0,0,1,0,0,1,0,0,0,11
2010-2011,4,0,2,0,1,8,10,1,4,0,0,1,13
2011-2012,4,0,2,0,1,13,11,1,3,0,0,1,17
2012-2013,6,1,3,0,1,12,10,0,1,0,0,0,16
2013-2014,11,1,3,0,1,7,11,1,4,0,0,1,14
2014-2015,18,1,4,0,3,10,10,2,4,0,0,2,20
2013-2014,11,10,4,0,3,10,51,13,11,0,0,6,182
2014-2015,10,11,2,0,2,12,49,17,21,0,2,9,150
2015-2016,15,9,2,0,3,16,55,17,18,0,3,8,140
2016-2017,19,8,0,0,3,21,49,25,16,0,6,9,122
2008-2009,2,9,0,0,0,19,6,14,4,0,0,2,118
2009-2010,2,15,1,0,1,16,5,26,5,0,0,12,111
2010-2011,5,13,1,0,2,13,10,33,6,0,0,12,138
2011-2012,3,23,5,0,4,26,12,38,12,0,0,16,151
2012-2013,5,16,5,0,4,18,8,32,16,0,0,20,141
2014-2015,1,1,5,0,0,4,8,12,9,0,0,1,27
2014-2015,0,1,0,0,0,6,1,3,2,0,0,1,89
2015-2016,1,1,0,0,0,15,2,5,4,0,0,1,71
2015-2016,0,0,0,0,0,0,11,1,8,0,0,1,19
2005-2006,17,1,3,0,3,16,97,7,28,5,0,50,272
2008-2009,1,0,0,0,0,6,5,2,0,0,0,0,20
2008-2009,1,4,2,0,5,16,35,10,9,1,0,37,267
2009-2010,3,4,1,0,3,21,37,13,5,2,0,44,272
2010-2011,4,5,1,0,8,23,32,13,6,1,0,38,289
2011-2012,5,6,1,0,15,26,32,16,10,1,0,47,299
2004-2005,0,82,0,0,5,1,1,139,2,0,0,10,5
2005-2006,0,65,0,0,1,0,0,115,2,1,0,0,2
2008-2009,7,0,0,2,5,16,40,6,9,6,2,45,273
2009-2010,8,0,0,0,7,17,43,6,14,5,2,47,273
2010-2011,12,0,1,0,9,21,47,4,15,6,0,51,329
2011-2012,12,1,2,0,6,33,62,2,21,6,1,70,364
2012-2013,9,1,3,1,11,35,76,2,24,2,2,83,352
2005-2006,4,0,2,0,1,2,15,1,12,0,0,17,63
2006-2007,4,0,2,0,2,3,11,0,10,0,0,14,54
2007-2008,6,0,1,0,1,4,12,2,10,0,0,12,75
2008-2009,19,1,5,1,0,10,81,13,44,1,2,0,192
2008-2009,6,5,2,0,0,25,72,36,10,3,0,1,303
2009-2010,10,5,1,2,0,35,70,40,7,3,1,6,339
2010-2011,15,7,2,2,4,50,81,48,12,0,0,7,370
2011-2012,14,10,4,0,6,40,90,45,21,2,0,13,363
2012-2013,16,9,8,0,8,48,96,57,33,2,1,20,387
2008-2009,6,11,6,0,5,27,25,29,6,3,0,22,220
2009-2010,3,15,6,0,14,28,26,33,12,2,1,45,264
2010-2011,5,17,5,0,15,24,26,29,20,4,1,34,272
2011-2012,8,17,4,0,14,22,41,49,26,5,0,32,300
2012-2013,9,19,6,0,9,32,54,55,38,2,0,49,333
2009-2010,28,2,3,0,3,19,48,8,4,0,0,18,107
2010-2011,30,4,2,0,4,22,55,12,11,0,0,12,89
2004-2005,3,0,1,0,9,14,15,0,5,2,0,50,246
2005-2006,2,0,1,0,3,14,16,1,7,2,0,34,212
2006-2007,3,0,0,0,6,9,17,1,8,1,0,39,243
2004-2005,10,4,0,0,0,9,43,9,3,0,0,0,94
2005-2006,9,1,2,0,0,14,40,6,4,0,0,0,80
2006-2007,9,1,3,0,0,15,26,6,3,0,0,0,90
2010-2011,17,7,1,0,3,23,55,19,6,1,0,21,171
2012-2013,29,5,19,0,0,25,146,10,100,3,2,0,282
2011-2012,19,2,8,0,0,27,130,11,69,4,1,0,232
2010-2011,20,2,6,0,0,26,128,12,49,3,1,0,240
2009-2010,20,3,5,0,0,19,102,19,49,4,2,0,232
2008-2009,5,5,3,0,0,28,20,22,55,0,0,14,298
2009-2010,6,2,10,0,1,33,30,19,71,0,0,16,318
2010-2011,5,7,7,0,2,34,33,20,59,0,0,24,370
2011-2012,7,9,5,0,4,22,46,32,87,0,0,31,391
2012-2013,6,12,8,0,2,40,56,40,114,1,2,35,421
2013-2014,8,9,15,0,5,39,60,44,143,1,3,47,467
2010-2011,47,11,18,0,11,60,219,35,165,6,0,76,473
2011-2012,64,10,20,0,23,68,290,35,203,4,0,117,515
2012-2013,79,13,30,0,39,106,365,45,251,3,0,189,611
2013-2014,103,17,46,0,57,120,450,41,280,7,0,270,652
2014-2015,118,15,56,1,0,144,509,39,281,2,2,0,765
2011-2012,7,3,2,11,1,24,49,13,15,3,2,4,168
2012-2013,12,9,4,1,5,36,75,15,25,4,3,6,224
2013-2014,21,15,6,2,7,55,104,17,27,3,4,16,302
2011-2012,33,2,3,0,4,24,67,12,15,1,0,9,98
2012-2013,43,7,4,0,3,35,90,12,17,1,0,6,123
2013-2014,14,12,2,0,12,46,55,24,19,3,0,41,460
2013-2014,57,6,3,1,1,42,110,7,24,0,0,11,142
2014-2015,72,7,8,1,0,45,132,9,19,0,1,19,163
2013-2014,7,1,2,0,0,8,18,3,13,0,0,0,103
2013-2014,12,1,4,0,7,31,68,16,19,1,1,34,282
2013-2014,9,0,6,0,4,41,86,6,35,1,2,31,416
2012-2013,7,5,1,0,15,36,30,14,13,1,0,81,344
2013-2014,10,6,1,0,17,44,41,20,22,2,0,102,373
2014-2015,14,11,1,0,22,57,57,23,32,2,0,147,420
2014-2015,46,13,35,1,17,67,176,28,170,7,1,56,644
2011-2012,6,0,2,0,2,26,41,14,20,1,0,17,321
2012-2013,8,0,5,0,5,24,45,12,18,0,0,23,384
2013-2014,8,2,5,0,2,23,64,10,22,0,0,37,408
2014-2015,15,2,3,0,6,29,103,10,19,0,0,42,466
2013-2014,0,0,26,1,7,1,0,2,127,1,0,16,13
2014-2015,0,0,27,1,0,1,1,3,148,0,0,0,9
2013-2014,43,5,27,0,0,30,181,10,132,2,2,0,324
2011-2012,27,15,6,0,6,46,131,35,44,0,1,21,489
2014-2015,1,0,1,0,0,15,1,1,5,2,0,0,197
2010-2011,1,1,0,0,0,19,2,3,5,3,0,0,169
2011-2012,1,1,1,0,0,13,5,1,3,3,0,0,174
2010-2011,14,0,2,4,1,17,76,5,41,0,4,5,142
2011-2012,17,1,6,3,1,18,101,3,52,1,5,9,153
2010-2011,1,0,0,0,0,13,8,1,3,1,0,0,205
2011-2012,2,0,0,0,1,16,7,1,3,0,0,5,200
2009-2010,7,1,1,0,6,18,34,5,9,3,0,54,162
2010-2011,6,1,2,0,7,23,36,7,7,1,0,44,189
2011-2012,9,2,2,0,7,26,35,4,6,2,0,45,236
2012-2013,11,2,1,0,11,36,59,12,12,1,0,79,271
2013-2014,9,3,3,0,30,37,93,10,21,0,0,131,301
2014-2015,33,3,6,0,3,58,140,14,41,1,1,17,367
2009-2010,1,1,0,0,1,3,9,2,1,0,0,10,24
2010-2011,0,0,0,0,0,3,7,1,2,0,0,7,23
2011-2012,1,0,0,0,2,3,5,1,4,0,0,7,28
2012-2013,2,0,1,0,2,6,12,2,1,1,0,11,43
2013-2014,6,0,1,0,8,6,19,5,1,1,0,18,58
2014-2015,10,1,1,0,1,28,47,7,2,1,0,5,132
2014-2015,0,1,0,0,2,3,2,2,4,0,0,8,18
2013-2014,0,0,0,0,2,5,2,2,4,0,0,11,15
2012-2013,0,0,1,0,2,0,0,1,4,0,0,7,11
2011-2012,0,0,0,0,3,1,1,0,1,0,0,4,13
2010-2011,0,0,0,0,1,0,1,0,0,0,0,5,19
2009-2010,0,0,0,0,0,1,1,1,0,0,0,3,15
2014-2015,19,3,1,0,0,7,122,10,13,0,0,0,64
2013-2014,9,1,0,0,0,10,92,5,13,1,0,0,58
2012-2013,3,0,1,0,0,8,72,2,10,0,0,0,49
2011-2012,7,0,0,0,0,4,50,8,11,0,0,0,42
2010-2011,4,0,0,0,0,2,43,8,11,0,0,0,36
2014-2015,1,3,6,0,0,16,6,6,22,0,3,0,102
2013-2014,2,3,4,0,0,13,2,4,17,0,1,0,79
2012-2013,1,3,1,0,0,13,0,3,12,0,1,0,55
2011-2012,2,2,1,0,0,7,1,3,8,0,0,0,45
2010-2011,0,0,0,0,0,3,1,5,9,0,0,0,37
2014-2015,17,11,20,0,0,48,77,55,161,1,4,0,496
2010-2011,0,1,0,0,0,19,4,2,2,2,0,7,175
2011-2012,0,1,0,0,2,18,3,2,3,2,0,9,193
2012-2013,0,1,0,0,3,23,5,2,5,4,0,7,205
2013-2014,0,0,1,0,1,21,5,2,6,3,0,11,248
2014-2015,0,0,1,0,2,34,3,2,8,2,0,7,271
2010-2011,25,3,29,4,0,7,137,15,136,1,19,9,141
2011-2012,31,3,22,2,2,7,177,16,181,6,14,13,140
2012-2013,50,2,18,0,2,15,246,15,172,9,10,30,150
2013-2014,48,2,20,0,5,13,314,17,190,11,7,40,137
2014-2015,69,5,22,0,8,17,443,18,228,4,7,50,139
2010-2011,3,1,0,0,0,8,3,4,1,0,0,0,75
2011-2012,1,2,0,0,1,7,10,4,2,0,0,1,88
2012-2013,2,3,0,0,1,12,11,7,4,0,1,4,96
2013-2014,2,2,0,0,0,19,12,7,3,0,0,6,94
2014-2015,6,0,1,0,2,18,16,1,9,1,1,12,174
2014-2015,0,0,1,0,0,9,1,0,1,0,0,1,29
2012-2013,0,0,1,0,0,6,1,0,4,0,0,1,28
2013-2014,0,0,1,0,0,7,0,0,2,0,0,1,25
2013-2014,0,0,0,0,0,17,3,1,6,1,0,0,188
2012-2013,0,0,0,0,0,18,5,3,4,2,0,0,183
2009-2010,0,0,0,0,0,19,1,1,5,1,0,0,179
2014-2015,19,3,3,1,4,38,84,14,27,0,1,37,292
2014-2015,59,2,24,0,10,29,180,6,100,1,2,55,232
2015-2016,1,0,1,0,0,29,1,0,1,1,0,0,217
2010-2011,19,0,1,0,0,6,76,1,4,0,0,0,39
2011-2012,29,0,1,0,0,12,97,0,9,1,0,0,46
2012-2013,41,0,0,0,0,14,110,1,7,0,0,0,55
2013-2014,66,0,5,0,0,16,206,4,17,3,0,0,80
2014-2015,123,1,6,0,0,25,307,3,24,3,0,0,123
2015-2016,143,0,6,0,0,26,379,2,15,1,0,0,130
2013-2014,13,42,12,0,8,65,72,93,65,3,0,33,594
2014-2015,24,56,15,0,6,83,102,107,75,4,1,35,693
2012-2013,39,15,9,0,3,61,186,45,51,0,1,27,537
2013-2014,62,12,10,0,5,90,219,44,57,0,1,31,576
2014-2015,90,12,15,0,10,104,322,55,71,1,1,40,588
2015-2016,136,16,19,0,15,128,418,76,76,1,1,52,636
2011-2012,4,10,1,0,1,13,33,13,7,1,0,6,131
2012-2013,8,7,1,0,1,12,39,12,11,0,0,8,145
2013-2014,7,7,2,0,0,13,45,12,10,0,1,8,138
2014-2015,11,6,2,0,0,17,42,16,11,1,3,7,138
2015-2016,86,4,12,0,0,57,147,12,21,0,1,0,163
2006-2007,0,6,0,0,0,6,1,11,2,0,0,0,47
2007-2008,1,4,0,0,0,6,2,23,4,0,0,0,72
2009-2010,0,0,0,0,0,2,1,16,2,0,0,0,60
2010-2011,0,4,0,0,0,3,1,21,5,1,0,0,79
2011-2012,0,3,0,0,0,7,3,17,4,1,0,0,87
2012-2013,1,4,1,0,0,5,5,20,2,0,0,0,94
2012-2013,2,0,0,0,3,19,19,2,8,0,1,12,213
2013-2014,7,1,0,0,1,22,29,1,7,0,2,16,260
2014-2015,11,2,0,0,2,45,49,5,13,1,3,15,420
2015-2016,2,2,3,0,0,16,11,6,4,1,0,0,71
2014-2015,2,4,3,0,2,22,8,5,5,0,0,4,62
2014-2015,2,2,3,0,0,16,11,6,4,1,0,0,71
2014-2015,46,16,7,1,0,67,142,27,30,3,2,0,351
2014-2015,1,5,5,0,0,10,13,21,24,0,0,2,76
2014-2015,41,18,9,1,8,69,146,42,33,1,0,28,345
2014-2015,3,0,1,1,0,14,4,5,20,1,0,4,72
2015-2016,2,2,0,0,0,2,4,1,0,0,0,2,15
2014-2015,13,4,3,0,2,7,123,29,83,0,0,15,162
2015-2016,4,18,3,0,7,33,25,48,18,1,0,35,182
2010-2011,4,8,1,0,2,13,19,15,6,0,0,4,121
2012-2013,9,0,3,0,3,26,13,1,4,0,0,3,45
2013-2014,11,0,5,0,3,39,17,1,11,0,0,2,43
2014-2015,13,0,6,0,3,36,16,1,11,1,0,2,45
2014-2015,1,0,1,0,0,22,1,6,8,1,0,8,170
2014-2015,7,1,0,0,1,26,59,13,1,0,3,14,282
2010-2011,8,4,5,0,0,16,48,10,45,1,0,7,140
2011-2012,9,5,2,0,1,9,54,12,36,0,0,6,146
2012-2013,15,5,6,0,3,9,81,12,48,0,1,7,154
2013-2014,21,5,7,0,3,10,105,14,73,1,0,6,170
2014-2015,36,5,11,0,2,10,141,17,85,1,0,13,187
2015-2016,41,8,13,0,2,19,188,18,83,1,0,18,201
2012-2013,2,1,2,0,0,15,3,7,1,0,0,5,59
2013-2014,2,1,2,0,1,14,8,5,4,0,0,4,55
2015-2016,2,9,1,0,1,16,4,22,5,3,0,8,177
2014-2015,1,4,1,0,0,18,7,27,6,1,0,7,148
2013-2014,1,9,0,0,2,15,5,23,2,3,0,6,128
2012-2013,0,6,0,0,0,13,3,25,2,1,0,6,133
2015-2016,23,14,5,1,0,103,117,41,46,9,4,0,877
2015-2016,15,0,2,0,6,24,10,1,8,1,0,1,27
2015-2016,0,0,2,1,2,20,9,1,5,1,0,3,51
2015-2016,96,2,0,0,6,30,132,13,3,1,0,33,112
2015-2016,9,1,5,1,0,49,21,17,12,0,0,5,184
2015-2016,32,5,2,0,0,7,153,9,12,0,0,0,63
2016-2017,49,6,4,0,3,12,181,15,31,0,0,12,66
2015-2016,17,1,0,1,3,39,56,9,6,1,1,5,152
2015-2016,43,3,9,0,9,66,175,16,42,1,1,20,409
2016-2017,22,7,1,0,2,16,46,18,16,0,0,13,129
2016-2017,0,1,3,0,2,4,0,4,3,0,0,1,34
2015-2016,0,0,1,0,0,4,0,2,1,0,0,1,28
2016-2017,1,0,1,0,3,35,2,0,8,0,0,16,259
2015-2016,9,1,4,0,0,20,31,3,20,0,0,0,158
2016-2017,10,1,4,0,0,25,41,3,17,0,0,0,157
2015-2016,15,7,3,0,1,16,45,17,11,2,1,14,219
2016-2017,99,11,11,0,0,52,157,19,24,0,0,0,152
2011-2012,24,1,1,0,1,18,184,9,19,0,2,18,369
2012-2013,24,1,2,0,2,21,242,13,27,0,1,19,401
2013-2014,38,2,2,0,3,31,275,15,24,0,1,13,393
2014-2015,69,1,3,0,4,43,287,15,28,0,0,13,362
2015-2016,94,1,6,0,5,45,301,15,30,0,0,20,313
2015-2016,0,2,35,0,0,3,4,3,169,1,0,0,17
2016-2017,0,2,45,0,0,1,3,3,188,1,0,0,22
2016-2017,168,27,26,0,18,152,460,90,88,1,1,46,662
2006-2007,4,1,5,0,0,19,8,15,29,2,0,0,246
2007-2008,3,1,3,0,0,20,12,7,33,2,0,0,253
2008-2009,3,1,5,0,0,24,14,5,32,1,0,0,221
2009-2010,4,4,4,0,0,26,20,10,29,2,0,0,201
2010-2011,5,5,7,0,1,29,21,15,52,1,0,5,244
2011-2012,7,3,9,0,2,33,29,18,60,1,0,7,278
2012-2013,6,3,12,0,3,28,35,17,72,1,0,8,289
2013-2014,7,3,14,0,4,31,47,14,88,3,1,14,325
2014-2015,8,6,16,0,1,28,58,10,97,3,1,15,296
2015-2016,12,7,16,0,3,38,75,12,114,3,0,23,327
2015-2016,2,0,2,0,2,43,5,4,12,1,0,15,345
2015-2016,9,4,0,0,2,19,14,6,2,1,0,7,78
2012-2013,16,1,8,2,1,21,102,5,47,0,2,17,144
2013-2014,15,0,10,0,2,28,102,6,44,0,2,25,136
2014-2015,23,0,8,0,1,31,114,6,44,0,1,25,137
2015-2016,23,0,10,0,3,28,113,3,46,0,1,27,128
2015-2016,3,6,2,0,4,24,8,7,5,1,0,5,61
2015-2016,43,2,18,0,5,8,292,16,136,0,2,36,78
2015-2016,22,11,4,0,0,80,71,31,39,1,0,0,484
2004-2005,22,4,6,0,0,5,110,16,31,2,0,0,140
2015-2016,14,3,5,0,1,8,155,28,70,0,0,6,135
2014-2015,4,4,2,0,2,15,7,12,3,2,0,8,126
2015-2016,8,2,2,0,2,13,14,12,5,1,0,8,168
2016-2017,2,1,2,0,0,4,7,5,7,0,0,2,32
2011-2012,2,0,0,0,0,22,38,4,5,1,0,0,247
2012-2013,8,0,1,0,0,21,48,3,5,3,1,0,236
2013-2014,11,0,2,0,0,16,58,5,4,3,2,0,246
2015-2016,31,0,3,0,0,24,102,6,8,2,2,0,265
2015-2016,1,3,5,0,1,16,12,8,26,0,1,8,130
2004-2005,2,6,5,0,0,1,11,22,29,1,0,0,7
2015-2016,10,6,16,0,2,2,33,17,86,0,0,10,14
2015-2016,15,1,2,0,5,69,73,6,28,1,4,16,548
2014-2015,21,0,2,0,0,17,86,4,9,4,1,0,234
2011-2012,2,8,24,0,0,4,10,29,197,0,2,13,30
2012-2013,5,8,16,0,1,2,15,21,215,0,0,10,34
2013-2014,2,6,35,0,2,5,21,34,279,0,0,9,40
2014-2015,3,11,34,0,0,9,27,38,303,0,0,13,43
2015-2016,2,8,30,0,0,12,20,38,269,0,0,9,31
2013-2014,33,5,2,0,7,34,95,23,42,0,6,20,528
2014-2015,41,4,4,0,2,61,133,36,49,0,10,28,539
2015-2016,53,8,7,0,4,71,169,42,53,0,16,22,561
2004-2005,0,0,0,0,5,1,2,0,1,0,0,9,32
2005-2006,1,0,0,0,2,3,5,0,0,0,0,8,21
2007-2008,3,0,0,0,0,8,4,4,1,1,0,0,46
2008-2009,4,0,0,0,0,4,5,1,3,0,0,0,49
2009-2010,2,0,0,0,1,6,7,0,3,0,0,0,39
2010-2011,1,1,0,0,1,6,11,0,1,0,0,2,49
2011-2012,3,1,0,0,0,8,14,0,2,0,0,5,59
2010-2011,11,0,1,0,4,16,22,2,9,3,0,7,139
2011-2012,16,0,3,0,1,21,17,2,14,4,0,6,167
2012-2013,14,0,3,0,5,25,30,5,27,7,1,12,216
2013-2014,12,0,2,0,5,35,41,1,32,9,1,17,213
2014-2015,9,0,3,0,5,42,62,10,34,6,2,27,244
2014-2015,20,1,0,0,0,28,56,6,9,2,2,0,228
2015-2016,13,1,9,0,20,60,81,14,40,4,2,31,279
2010-2011,2,2,2,0,0,6,26,15,7,0,1,2,48
2011-2012,3,2,5,0,1,5,40,14,8,0,0,2,67
2012-2013,8,3,2,0,0,7,35,18,17,0,0,2,65
2013-2014,7,4,6,0,2,7,54,17,20,0,0,4,74
2014-2015,12,6,4,0,2,7,66,23,24,0,0,7,75
2014-2015,21,4,2,0,1,16,65,3,5,0,0,3,100
2013-2014,10,4,3,0,1,17,49,4,3,0,0,5,79
2012-2013,9,1,1,0,0,10,25,4,2,0,0,3,48
2011-2012,6,2,0,0,1,6,17,3,2,0,0,2,44
2010-2011,3,1,0,0,1,5,18,1,2,1,0,2,35
2015-2016,22,2,1,0,7,29,28,3,20,0,0,11,126
2015-2016,30,4,4,0,1,17,91,8,6,0,0,2,97
2015-2016,12,5,3,0,1,10,80,29,27,0,0,7,82
2015-2016,9,3,3,0,5,24,31,6,10,2,0,5,112
2010-2011,2,2,0,0,0,20,29,7,6,2,0,0,236
2012-2013,5,0,0,0,0,13,19,0,4,0,0,4,55
2014-2015,10,1,0,0,5,12,25,2,12,0,0,5,87
2013-2014,5,1,0,0,3,13,17,1,5,0,0,5,65
2004-2005,3,1,0,0,5,1,6,3,2,0,0,13,30
2005-2006,3,3,0,0,3,0,4,6,1,0,0,9,33
2007-2008,1,0,0,0,0,3,4,3,2,1,0,1,13
2008-2009,1,0,0,0,0,0,4,2,2,1,0,1,8
2009-2010,0,0,0,0,1,1,2,1,1,0,0,0,12
2010-2011,0,0,1,0,1,3,4,1,2,0,0,0,21
2011-2012,2,1,1,0,0,4,3,1,2,0,0,1,28
2013-2014,2,0,3,0,0,13,29,5,17,0,1,5,117
2014-2015,11,1,7,0,1,35,68,16,36,5,4,28,241
2014-2015,1,1,1,0,0,8,8,2,3,1,0,0,29
2015-2016,15,2,9,1,4,41,90,17,53,13,4,42,343
2010-2011,2,0,4,0,0,3,7,5,3,0,0,0,11
2011-2012,3,1,0,0,0,3,8,5,5,0,0,1,8
2012-2013,3,2,0,0,0,1,5,6,5,0,0,1,18
2013-2014,1,0,0,0,0,0,8,6,4,0,0,2,19
2014-2015,2,2,0,0,0,0,10,7,10,0,0,1,25
2014-2015,9,0,0,0,0,6,14,1,0,0,0,2,18
2013-2014,10,0,0,0,0,6,13,1,0,0,0,1,21
2012-2013,7,1,0,0,0,4,12,1,0,0,0,1,16
2011-2012,6,0,0,0,0,2,16,1,1,2,0,2,11
2010-2011,4,0,0,0,0,1,6,0,0,0,0,1,12
2015-2016,11,1,2,0,1,11,22,2,2,1,0,0,22
2015-2016,2,6,0,0,0,3,27,14,16,0,0,0,23
2010-2011,1,1,0,0,0,1,6,0,3,0,0,0,22
2011-2012,0,1,0,1,0,2,8,0,0,1,0,0,25
2012-2013,1,1,0,0,0,3,11,2,0,0,0,0,33
2013-2014,5,0,0,0,0,4,13,5,0,2,0,0,50
2015-2016,22,1,0,0,0,12,73,9,5,3,0,0,136
2012-2013,6,0,1,0,4,6,0,1,3,0,0,7,27
2013-2014,6,0,1,0,5,12,1,1,2,0,0,6,27
2014-2015,12,1,1,0,2,16,5,1,8,0,0,6,34
2015-2016,10,2,1,0,2,14,9,4,7,0,0,8,37
2014-2015,20,2,0,0,0,6,47,8,5,2,0,0,103
2014-2015,1,0,1,0,0,4,6,3,3,0,0,0,5
2013-2014,1,0,0,0,0,2,4,2,2,0,0,0,7
2012-2013,1,0,0,0,0,2,4,3,2,0,0,0,14
2011-2012,1,1,0,0,0,3,11,8,7,0,0,0,12
2010-2011,3,2,0,0,0,3,11,7,7,0,0,0,5
2015-2016,16,2,5,0,4,66,15,11,17,1,1,4,178
2014-2015,16,1,5,0,5,66,14,8,14,1,0,3,184
2013-2014,9,0,4,0,5,67,13,11,16,1,0,7,177
2012-2013,7,3,1,0,4,58,18,15,15,2,0,4,183
2011-2012,7,3,1,0,5,68,16,13,18,2,0,6,214
2010-2011,7,3,2,0,4,75,18,12,11,3,0,5,248
2009-2010,8,3,0,0,3,72,20,8,6,2,0,4,286
2008-2009,7,4,1,0,2,70,20,8,5,2,1,5,335
2015-2016,9,1,1,0,0,5,7,3,6,0,0,0,11
2016-2017,22,5,4,0,2,7,18,5,10,0,0,2,19
2010-2011,5,0,4,0,2,3,2,0,2,0,0,0,4
2011-2012,7,0,2,0,3,7,1,0,4,0,0,1,7
2012-2013,5,0,2,1,3,6,2,0,7,0,0,1,6
2013-2014,4,0,1,1,4,8,1,0,6,0,0,1,4
2014-2015,8,0,1,1,2,7,2,0,3,0,0,0,6
2016-2017,17,4,7,1,6,74,16,15,17,0,1,8,195
2008-2009,0,1,0,0,0,1,0,1,0,0,0,0,6
2014-2015,0,5,0,0,0,22,3,10,4,0,0,4,108
2015-2016,0,5,0,1,0,33,3,7,5,0,0,3,117
2008-2009,0,0,0,0,0,0,0,1,0,0,0,0,4
2008-2009,4,14,0,0,2,33,14,7,1,0,0,5,89
2009-2010,4,7,0,0,4,29,12,6,1,0,0,6,79
2010-2011,5,3,0,0,4,30,5,12,1,0,0,8,95
2011-2012,3,3,0,0,4,27,10,9,3,0,0,10,97
2014-2015,0,0,1,0,2,23,0,2,7,1,0,7,60
2013-2014,2,1,1,0,1,16,1,1,4,0,0,9,92
2012-2013,0,0,1,0,1,8,1,0,6,0,0,5,74
2009-2010,0,0,1,0,1,17,0,3,1,0,0,3,68
2010-2011,0,0,0,0,2,7,0,2,5,0,1,6,68
2011-2012,0,0,0,0,1,14,2,0,3,0,0,2,52
2015-2016,0,0,2,0,1,17,22,2,4,0,0,3,65
2016-2017,2,0,1,0,0,15,1,4,4,0,0,1,76
2010-2011,5,0,6,1,0,61,19,2,19,2,1,6,249
2011-2012,4,0,10,0,1,69,30,5,25,2,1,10,273
2012-2013,5,0,7,0,2,71,27,4,24,5,3,9,288
2013-2014,7,1,8,0,4,71,30,4,25,7,5,8,308
2014-2015,9,1,7,0,5,67,30,5,40,6,4,13,338
2010-2011,6,6,35,0,2,17,83,12,129,1,17,13,95
2011-2012,8,8,38,0,2,19,112,14,169,0,11,21,90
2012-2013,15,12,37,0,1,12,118,21,194,0,5,25,97
2013-2014,18,10,31,0,2,11,126,12,249,0,2,22,107
2014-2015,13,8,28,0,6,7,129,8,231,0,1,14,102
2015-2016,12,2,10,0,0,75,50,5,48,7,4,0,375
2008-2009,3,1,5,0,6,74,21,2,12,0,0,33,198
2009-2010,5,2,4,0,7,63,19,4,11,0,0,36,196
2010-2011,6,7,4,0,6,59,23,6,16,0,1,33,214
2011-2012,9,7,3,0,13,61,25,13,10,0,1,43,235
2012-2013,8,8,3,0,16,74,30,7,10,0,1,50,258
2013-2014,3,8,5,0,25,99,29,12,11,0,0,64,304
2014-2015,4,6,3,0,27,110,23,16,16,0,0,82,332
2008-2009,3,6,2,0,4,44,12,17,3,1,0,19,252
2009-2010,6,3,1,0,10,51,13,17,5,2,0,24,246
2010-2011,6,5,0,0,8,52,12,15,7,2,0,35,218
2011-2012,2,6,1,0,8,42,8,15,10,3,0,51,228
2013-2014,1,0,58,0,5,0,1,0,101,0,0,39,3
2014-2015,0,0,42,0,0,3,0,1,98,0,0,0,7
2014-2015,1,0,1,0,0,12,0,0,5,0,0,17,47
2013-2014,0,0,0,0,0,14,0,1,5,0,0,12,41
2012-2013,0,0,0,0,2,15,0,1,3,0,0,4,38
2011-2012,0,0,1,0,0,16,0,1,4,0,0,3,46
2010-2011,0,0,1,0,0,16,0,0,2,0,0,2,49
2009-2010,0,0,0,0,0,15,0,0,1,0,0,1,54
2015-2016,0,1,50,0,0,7,1,2,109,0,0,0,10
2016-2017,1,2,75,0,0,2,3,0,134,0,0,0,6
2012-2013,9,5,1,0,3,5,35,17,9,0,0,16,52
2008-2009,0,7,0,0,5,8,17,18,3,1,0,28,90
2009-2010,3,5,0,0,5,8,17,12,6,1,0,39,105
2010-2011,1,10,1,1,2,8,19,19,4,1,0,29,115
2011-2012,1,6,0,1,3,4,15,23,5,0,0,29,125
2008-2009,10,0,0,2,7,22,68,4,18,2,5,70,291
2009-2010,7,0,0,2,8,23,67,5,20,3,4,86,331
2010-2011,5,0,1,1,9,27,62,6,21,5,4,119,357
2011-2012,4,0,0,1,10,31,61,4,32,4,2,133,362
2012-2013,7,0,1,1,15,32,73,7,38,0,1,151,406
2004-2005,8,1,1,0,2,4,37,1,6,0,0,9,46
2005-2006,1,1,2,0,2,4,34,0,7,0,0,5,37
2006-2007,0,1,2,0,2,4,35,0,9,0,0,5,40
2007-2008,3,0,2,0,3,2,28,0,11,0,0,9,27
2008-2009,4,0,2,0,3,3,25,2,8,0,2,17,33
2009-2010,7,1,4,0,5,4,22,2,14,0,0,18,38
2003-2004,18,8,9,0,3,19,79,13,29,0,0,7,119
2004-2005,13,4,3,0,0,18,57,10,29,0,0,4,107
2005-2006,6,0,3,0,0,1,27,1,6,1,0,11,33
2006-2007,5,0,3,0,0,1,22,1,11,1,0,9,34
2007-2008,3,1,3,0,0,2,12,0,14,0,0,7,30
2008-2009,10,3,4,0,0,4,49,5,35,1,3,0,69
2008-2009,7,6,0,0,1,6,39,36,6,0,0,0,99
2009-2010,8,3,1,1,0,7,23,28,8,1,0,0,82
2010-2011,6,7,0,1,0,11,37,42,7,1,0,3,112
2011-2012,2,6,1,0,0,9,37,33,10,2,0,4,111
2012-2013,5,7,2,0,3,12,50,36,10,1,0,6,135
2008-2009,1,6,1,0,0,9,11,23,9,0,0,7,93
2009-2010,0,9,0,0,6,5,17,27,13,0,0,18,82
2010-2011,1,5,2,1,6,5,23,28,16,0,1,16,86
2011-2012,4,3,2,1,6,6,28,22,12,1,0,18,73
2012-2013,4,2,3,1,7,5,29,26,17,0,0,17,79
2009-2010,15,3,3,0,0,6,66,7,30,1,6,0,71
2010-2011,12,2,5,1,0,7,79,6,35,1,2,0,76
2011-2012,16,2,4,0,0,7,95,4,45,0,0,0,84
2012-2013,15,0,8,0,0,10,118,4,74,1,0,0,90
2013-2014,2,4,5,0,4,13,33,26,15,0,0,26,214
2013-2014,5,0,0,0,1,8,46,5,10,0,0,25,145
2013-2014,13,1,7,1,7,62,142,10,64,2,4,54,701
2013-2014,7,1,1,0,2,6,43,14,17,0,1,13,48
2012-2013,1,6,0,1,7,5,11,24,7,0,1,38,112
2013-2014,2,4,0,1,6,8,17,22,6,0,1,55,126
2014-2015,5,3,0,0,6,14,30,24,11,0,0,71,140
2013-2014,22,1,14,0,0,8,126,2,96,2,0,0,117
2011-2012,1,0,0,0,0,3,6,0,0,0,0,1,8
2012-2013,2,0,0,0,0,2,8,0,0,0,0,2,9
2013-2014,1,1,1,0,0,3,14,4,1,1,0,1,14
2014-2015,0,1,0,0,1,4,0,0,2,0,0,0,14
2013-2014,0,0,0,0,2,2,0,0,1,0,0,0,12
2012-2013,0,0,0,0,2,0,0,0,0,0,0,1,10
2011-2012,0,0,0,0,2,0,0,0,0,0,0,1,14
2010-2011,0,0,0,0,0,0,0,0,0,0,0,3,15
2009-2010,0,1,0,0,0,0,0,0,0,0,0,2,12
2010-2011,2,1,0,0,0,1,33,9,6,0,0,0,24
2014-2015,9,3,2,0,0,2,55,8,14,0,0,0,19
2013-2014,6,0,0,0,0,3,49,6,4,0,0,0,22
2012-2013,4,1,0,0,0,4,33,5,9,1,0,0,26
2011-2012,2,2,0,0,0,2,31,7,8,0,0,0,29
2014-2015,0,0,0,0,0,1,1,0,2,0,0,0,4
2010-2011,0,0,0,0,0,5,0,0,0,2,0,3,63
2011-2012,0,0,0,0,0,6,0,0,0,2,0,1,62
2012-2013,0,0,0,0,0,4,1,0,3,0,0,3,66
2013-2014,0,0,0,0,0,5,2,0,3,1,0,1,83
2014-2015,0,0,0,0,0,5,2,0,3,2,0,1,93
2010-2011,14,3,17,0,2,3,116,19,135,0,17,4,46
2011-2012,19,2,15,0,3,2,152,21,156,1,10,8,59
2012-2013,20,2,23,0,0,1,162,17,193,2,8,10,72
2013-2014,27,2,26,0,1,3,178,11,178,5,6,16,78
2014-2015,19,2,20,1,2,2,196,13,187,1,2,17,74
2014-2015,1,1,0,0,0,14,6,4,9,1,1,0,177
2013-2014,0,0,0,0,0,17,5,0,9,2,0,0,176
2012-2013,0,0,0,0,0,14,2,1,6,2,0,0,165
2011-2012,0,0,0,0,0,14,4,4,4,2,0,0,166
2010-2011,0,0,1,0,0,12,4,1,4,0,1,0,184
2009-2010,0,0,0,0,0,9,5,4,5,2,1,0,175
2014-2015,8,1,2,0,3,15,65,6,16,0,0,26,175
2015-2016,1,1,0,0,0,13,5,4,6,0,0,0,183
2015-2016,2,15,0,0,3,6,5,32,7,0,0,1,106
2014-2015,1,7,2,0,2,6,0,44,7,1,0,4,101
2013-2014,2,12,3,0,0,8,1,35,4,0,0,2,96
2012-2013,2,17,1,0,1,6,2,38,3,1,1,4,85
2015-2016,11,3,1,0,0,0,51,6,9,0,0,0,24
2015-2016,0,1,0,0,1,4,2,1,3,0,0,0,14
2016-2017,0,1,0,0,0,6,3,1,5,0,0,0,21
2016-2017,2,0,0,0,0,15,7,4,6,1,0,2,204
2015-2016,3,1,5,0,0,13,28,5,20,0,0,0,98
2016-2017,6,1,2,0,0,15,28,7,17,0,0,0,98
2010-2011,10,1,2,0,2,11,22,2,11,0,0,6,41
2011-2012,9,1,4,1,2,7,27,2,15,0,0,9,48
2012-2013,9,0,4,0,2,9,40,0,19,0,0,12,57
2013-2014,9,2,3,0,2,8,48,0,20,0,1,15,71
2014-2015,13,3,4,0,5,10,66,6,35,0,1,20,103
2016-2017,27,4,8,0,7,15,78,4,42,0,0,23,122
2015-2016,0,0,0,0,0,5,3,0,7,2,0,2,112
2015-2016,13,0,10,0,2,1,104,6,91,0,0,13,34
2015-2016,0,0,0,0,0,0,2,0,6,0,0,0,6
2014-2015,0,0,1,0,0,3,2,1,1,0,0,0,75
2013-2014,0,0,1,0,0,1,2,2,1,0,0,0,68
2012-2013,0,0,1,0,0,1,3,1,0,1,0,0,55
2011-2012,0,0,1,0,0,0,1,1,1,1,0,0,41
2009-2010,0,1,0,0,0,0,0,1,2,0,0,0,54
2015-2016,0,0,0,0,0,4,2,1,3,0,1,0,78
2015-2016,0,4,0,0,1,6,1,10,1,1,1,1,71
2014-2015,0,2,0,0,1,6,1,6,4,1,0,0,75
2013-2014,0,2,0,0,0,7,2,5,2,0,0,2,57
2012-2013,0,1,1,0,0,7,4,3,2,0,0,3,46
2016-2017,0,0,0,0,0,8,0,1,4,0,0,0,84
2012-2013,10,6,5,0,1,13,60,17,17,0,1,27,87
2008-2009,3,4,1,0,8,11,21,29,13,1,1,55,152
2009-2010,3,3,1,0,7,12,27,28,8,1,1,47,148
2010-2011,7,6,1,0,7,99,25,22,6,2,1,71,169
2011-2012,7,6,3,0,14,14,33,21,8,2,1,90,199
2008-2009,1,1,1,0,1,8,14,20,3,0,0,21,149
2009-2010,1,2,2,0,1,9,16,26,8,0,0,43,129
2010-2011,2,2,4,0,2,11,19,26,12,0,0,34,118
2011-2012,2,2,2,0,2,8,15,18,12,0,0,32,112
2012-2013,3,1,0,0,3,8,9,19,15,1,0,41,126
2004-2005,3,9,0,0,4,11,41,14,8,0,0,22,165
2005-2006,5,10,0,0,7,20,48,17,8,0,0,36,185
2006-2007,9,6,0,0,7,17,40,11,9,0,0,31,201
2007-2008,7,5,0,0,6,15,36,13,7,0,0,37,181
2008-2009,6,4,0,0,5,21,28,18,11,0,0,41,173
2009-2010,8,4,2,0,2,18,30,18,9,0,0,33,162
2010-2011,6,5,3,0,2,15,36,17,11,0,0,23,163
2011-2012,9,4,3,0,3,19,49,10,15,0,0,20,203
2012-2013,7,4,3,0,1,22,49,13,17,1,0,24,219
2013-2014,4,1,4,0,8,33,36,16,22,1,0,51,303
2013-2014,11,5,4,5,5,28,56,14,16,1,23,56,220
2003-2004,4,9,0,0,3,13,44,24,6,0,0,14,183
2013-2014,13,6,5,0,0,9,65,18,16,0,1,27,92
2012-2013,8,5,2,0,15,14,30,28,10,1,1,109,191
2013-2014,3,4,2,0,18,16,38,26,13,0,0,131,194
2014-2015,3,9,3,0,21,16,33,24,11,0,0,138,200
2013-2014,1,0,28,0,4,1,1,3,182,0,0,31,15
2014-2015,1,0,32,0,0,2,2,0,186,1,2,0,10
2014-2015,0,0,0,0,0,7,2,1,2,0,0,14,57
2013-2014,0,0,0,0,2,9,1,0,1,0,0,7,46
2012-2013,0,0,0,0,3,7,1,0,1,0,0,6,45
2011-2012,0,1,0,0,3,7,0,0,1,0,0,5,44
2010-2011,0,1,0,0,1,6,2,0,0,0,0,7,36
2009-2010,0,0,0,0,1,7,3,0,2,0,0,9,26
2014-2015,12,1,1,0,0,6,53,6,13,0,0,0,15
2013-2014,11,0,1,0,0,6,58,3,11,0,0,0,22
2012-2013,9,0,0,0,0,7,42,4,10,0,0,0,26
2011-2012,9,0,0,0,0,6,38,5,9,0,0,0,17
2010-2011,4,0,0,0,0,2,43,8,11,0,0,0,36
2014-2015,2,1,2,1,0,1,19,5,4,0,0,0,13
2013-2014,0,1,1,0,0,0,15,2,3,0,0,0,11
2012-2013,1,1,2,0,0,0,16,1,3,0,0,0,7
2011-2012,0,0,2,0,0,0,9,0,2,0,0,0,7
2010-2011,0,0,1,0,0,1,10,1,1,0,0,0,3
2010-2011,0,5,0,0,0,1,0,28,1,0,0,0,0
2011-2012,0,30,0,0,0,0,0,109,1,0,0,0,2
2012-2013,0,26,0,0,0,0,0,87,2,0,0,0,5
2013-2014,0,22,1,0,0,0,0,61,1,0,0,0,4
2014-2015,0,14,0,0,0,0,0,61,0,0,0,0,4
2014-2015,0,0,1,0,1,17,1,0,9,2,0,6,159
2013-2014,0,0,1,0,0,14,0,0,6,0,0,3,169
2012-2013,1,0,0,0,0,14,4,1,9,1,0,3,167
2011-2012,2,0,2,0,0,14,3,2,5,0,0,2,158
2010-2011,1,0,2,0,0,18,3,2,5,2,0,1,144
2014-2015,1,1,1,0,0,25,3,7,4,0,0,0,218
2013-2014,1,1,0,0,2,25,1,6,5,0,0,0,236
2012-2013,1,2,0,0,0,23,2,9,3,1,2,0,219
2011-2012,2,3,1,0,0,20,2,7,5,0,2,0,213
2010-2011,2,1,2,0,0,19,1,8,6,1,1,0,225
2009-2010,1,2,1,0,0,21,2,5,5,0,1,0,256
2015-2016,1,1,1,0,0,34,3,6,6,0,0,0,227
2011-2012,10,9,2,0,1,9,39,31,12,0,1,2,120
2013-2014,6,6,1,0,0,9,39,29,11,0,0,0,112
2014-2015,8,5,2,0,1,15,45,25,12,0,0,5,111
2012-2013,10,7,1,0,0,9,42,30,11,0,0,4,118
2006-2007,0,5,0,0,0,7,2,13,4,3,0,0,97
2007-2008,0,4,1,0,0,4,1,24,3,3,0,0,121
2008-2009,0,3,1,0,0,2,2,23,1,2,0,0,120
2009-2010,0,3,0,0,0,5,3,11,0,1,0,0,90
2010-2011,0,2,0,0,0,8,3,13,4,0,0,0,119
2011-2012,0,5,0,0,0,7,2,9,3,0,0,0,103
2012-2013,0,2,0,0,0,6,3,10,3,0,0,0,111
2010-2011,8,11,1,0,1,5,35,27,9,1,1,2,123
2009-2010,10,8,14,0,0,37,77,27,118,6,0,0,376
2010-2011,12,7,16,1,0,47,83,26,144,3,4,0,421
2011-2012,20,5,27,0,0,58,94,20,151,1,3,0,516
2012-2013,20,4,32,0,0,77,103,25,195,1,3,0,506
2013-2014,25,6,32,1,0,72,96,20,212,2,0,0,549
2014-2015,20,5,22,1,0,50,78,16,145,1,0,0,389
2015-2016,11,0,1,0,0,3,60,6,6,1,0,0,21
2015-2016,4,0,2,1,0,1,16,3,4,0,0,0,9
2012-2013,0,0,0,0,0,1,1,1,0,0,0,1,1
2014-2015,2,0,1,0,0,1,7,3,1,0,0,0,16
2014-2015,1,3,1,0,2,9,3,9,4,2,0,8,81
2013-2014,0,3,1,0,2,7,2,7,2,1,1,2,65
2012-2013,1,3,2,0,4,6,3,5,7,1,1,4,63
2011-2012,0,3,3,0,1,6,3,7,8,0,1,2,60
2010-2011,2,2,1,0,1,8,8,11,12,0,1,1,59
2016-2017,13,2,3,0,2,14,51,26,15,0,0,14,101
2015-2016,0,0,0,0,0,15,0,1,4,1,0,1,56
2016-2017,0,0,1,0,0,13,1,0,5,1,0,2,55
2016-2017,1,1,1,0,0,35,5,3,4,1,0,6,258
2015-2016,2,0,4,0,0,20,17,2,17,0,0,0,97
2015-2016,9,5,4,0,1,14,52,27,15,0,0,10,103
2015-2016,20,3,26,1,0,54,88,23,144,1,1,0,383
2015-2016,2,0,0,0,0,1,10,8,3,0,0,1,26
2015-2016,1,0,39,0,0,1,1,0,203,1,1,0,12
2016-2017,1,0,51,0,0,2,0,2,209,1,0,0,16
2006-2007,11,7,16,0,0,33,38,25,82,1,0,0,380
2007-2008,10,7,13,0,0,44,38,22,72,1,0,0,346
2008-2009,6,3,14,0,0,43,45,27,86,4,0,0,339
2009-2010,10,7,10,0,0,37,66,24,106,6,0,0,387
2010-2011,11,7,16,1,2,43,74,19,115,3,3,12,348
2011-2012,15,5,22,0,3,53,85,14,121,1,2,19,423
2012-2013,17,4,26,0,4,67,88,18,149,1,2,21,406
2013-2014,23,6,29,1,6,60,78,17,166,2,0,20,454
2014-2015,21,5,22,1,4,45,79,18,117,1,0,21,332
2015-2016,21,3,27,1,4,58,79,21,135,1,0,14,348
2015-2016,1,0,2,0,0,16,2,0,9,5,0,9,164
2015-2016,3,3,1,0,2,17,3,9,2,2,0,15,100
2008-2009,2,1,0,0,4,14,4,4,1,0,0,12,39
2009-2010,1,1,0,0,2,14,5,3,0,0,0,7,38
2010-2011,2,0,0,0,1,19,5,2,0,0,0,8,37
2011-2012,2,0,0,0,2,20,3,2,1,0,0,9,45
2008-2009,8,3,1,0,4,66,47,27,12,3,0,55,464
2009-2010,14,7,1,0,7,61,42,22,12,2,0,64,486
2010-2011,14,7,2,0,8,79,45,27,14,4,0,74,480
2011-2012,10,10,2,0,10,82,46,30,19,3,0,100,571
2008-2009,10,7,2,0,0,30,56,45,9,2,0,5,267
2009-2010,10,9,5,0,0,26,59,50,13,2,3,5,241
2010-2011,8,12,6,0,1,27,64,43,21,2,3,4,254
2011-2012,9,13,5,0,4,27,61,42,19,3,2,7,262
2012-2013,12,8,2,0,2,43,53,45,17,0,1,14,253
2008-2009,0,2,0,0,1,38,17,23,16,1,0,10,546
2009-2010,1,0,0,0,4,36,23,28,24,2,0,55,549
2010-2011,0,2,2,0,6,40,26,33,24,7,1,65,508
2011-2012,2,1,3,0,6,34,26,27,25,5,1,65,502
2012-2013,4,1,3,0,2,32,33,34,29,3,0,82,524
2003-2004,3,2,5,0,2,72,32,18,15,2,0,26,547
2004-2005,3,4,6,0,3,73,49,20,16,1,0,29,566
2005-2006,4,1,5,0,3,63,47,10,15,0,0,50,570
2006-2007,2,3,3,0,5,57,44,14,13,0,0,69,555
2007-2008,6,1,3,0,11,55,40,14,9,1,0,102,542
2008-2009,8,4,4,0,13,63,40,17,14,1,0,106,566
2009-2010,9,5,5,0,15,72,46,22,21,3,0,84,617
2010-2011,10,4,5,0,9,73,49,19,31,3,0,60,650
2011-2012,10,2,4,0,2,69,52,13,37,2,0,36,701
2013-2014,1,5,1,0,4,59,26,12,30,3,0,46,562
2012-2013,11,10,4,0,14,88,40,33,25,0,0,154,614
2013-2014,11,11,5,0,17,128,59,43,30,1,0,214,669
2014-2015,9,11,8,0,23,140,63,40,37,1,2,229,745
2011-2012,6,5,7,0,4,26,15,10,16,0,0,7,93
2012-2013,8,6,5,0,2,33,18,15,20,0,0,2,106
2013-2014,11,3,5,0,2,35,18,15,22,1,0,7,123
2014-2015,13,3,7,0,2,37,28,14,22,1,0,7,138
2014-2015,1,0,0,0,1,20,2,1,6,0,0,15,106
2013-2014,0,0,1,0,0,9,2,1,6,0,0,10,85
2012-2013,0,0,0,0,0,13,1,1,4,0,0,7,67
2011-2012,0,0,0,0,0,10,0,1,1,0,0,3,58
2010-2011,0,0,0,0,0,14,0,0,0,0,0,6,67
2009-2010,0,0,0,0,0,19,0,0,0,0,0,8,70
2010-2011,5,1,8,0,1,56,24,2,23,3,0,10,321
2011-2012,7,0,5,0,1,65,39,4,29,5,1,21,368
2012-2013,10,0,8,0,4,99,63,6,50,7,1,40,498
2013-2014,6,0,13,1,3,102,72,6,58,7,1,51,538
2014-2015,11,1,14,1,6,111,91,5,69,12,5,69,598
2014-2015,17,3,6,0,0,16,86,4,25,0,0,0,66
2013-2014,6,2,5,0,0,13,97,4,23,0,0,0,61
2012-2013,7,2,3,0,0,14,88,11,22,0,0,0,70
2011-2012,9,2,3,0,0,13,75,12,21,1,0,0,64
2010-2011,6,0,2,0,0,9,48,18,21,0,0,0,59
2010-2011,0,1,1,0,0,10,7,5,2,0,1,1,104
2011-2012,1,0,0,0,0,16,3,3,5,1,0,0,126
2012-2013,0,2,0,0,1,16,3,6,5,1,0,5,147
2013-2014,1,3,1,0,0,26,5,10,7,1,2,2,185
2015-2016,19,1,14,1,11,128,107,5,88,17,6,84,634
2006-2007,0,4,0,0,0,17,1,23,4,1,0,0,208
2007-2008,0,4,0,0,0,15,2,40,3,2,0,0,301
2008-2009,1,2,2,0,0,12,1,37,3,2,0,0,279
2009-2010,1,3,0,0,0,12,1,30,3,2,0,0,196
2010-2011,1,4,0,0,0,20,3,31,5,4,0,0,262
2011-2012,1,2,0,0,0,25,4,29,7,4,0,0,233
2012-2013,0,2,0,0,0,26,4,46,7,4,0,0,288
2009-2010,5,5,22,0,0,136,42,11,99,6,0,0,789
2010-2011,6,5,30,1,0,129,36,19,126,4,1,0,768
2011-2012,8,6,29,1,0,123,39,17,129,5,2,0,791
2012-2013,8,3,37,0,0,130,41,15,128,3,1,0,736
2013-2014,8,2,38,0,0,136,47,17,151,4,1,0,755
2014-2015,6,2,27,0,0,100,33,12,124,2,0,0,543
2015-2016,19,2,5,0,0,18,88,3,23,0,0,0,61
2016-2017,24,5,14,0,11,24,97,9,44,1,0,11,80
2015-2016,4,3,24,0,0,112,40,12,134,2,0,0,561
2006-2007,5,6,16,0,0,123,34,12,116,7,0,0,814
2007-2008,5,5,14,0,0,113,40,10,109,5,0,0,808
2008-2009,5,5,14,0,0,120,32,8,103,6,0,0,766
2014-2015,1,0,1,0,0,40,13,6,12,1,0,6,230
2015-2016,1,2,0,0,1,43,16,9,13,2,0,7,276
2008-2009,0,2,1,0,0,0,0,0,0,0,0,0,1
2009-2010,0,3,3,0,0,0,2,2,2,0,0,2,13
2010-2011,0,2,2,0,2,4,3,5,2,0,0,8,21
2011-2012,0,3,1,0,2,8,3,8,3,0,0,11,25
2012-2013,0,4,1,0,5,13,3,7,4,0,1,13,28
2015-2016,0,0,1,0,0,4,5,2,21,0,0,1,33
2008-2009,0,2,3,0,1,32,4,2,3,2,0,6,73
2009-2010,2,4,2,0,3,37,4,2,5,1,0,7,81
2010-2011,2,2,2,0,5,49,6,1,4,0,0,5,93
2011-2012,2,2,3,0,3,65,4,0,6,1,0,9,89
2009-2010,6,11,27,0,0,114,37,22,120,3,0,0,638
2010-2011,7,11,21,0,0,103,33,24,130,2,0,0,610
2011-2012,8,9,23,0,0,81,26,23,141,3,0,0,642
2012-2013,6,9,24,0,0,89,35,27,160,2,0,0,669
2013-2014,9,6,36,0,0,91,35,33,185,3,1,0,701
2014-2015,11,5,39,0,0,83,38,30,174,4,2,0,603
2015-2016,18,5,57,0,0,118,54,29,203,4,2,0,675
2013-2014,0,0,1,0,0,1,3,3,10,1,0,1,17
2014-2015,6,0,8,0,0,3,10,6,54,1,0,4,87
2015-2016,5,1,12,0,1,4,12,9,59,2,0,5,109
2006-2007,0,2,10,0,0,16,17,9,45,2,0,0,269
2007-2008,2,3,13,0,0,23,18,9,57,2,0,0,294
2008-2009,2,3,14,0,0,19,23,13,58,2,0,0,285
2009-2010,3,3,12,0,0,17,23,11,61,0,0,0,284
2010-2011,3,3,11,0,0,18,20,13,62,0,0,7,259
2011-2012,3,3,10,0,0,15,19,15,75,0,0,7,276
2012-2013,3,3,13,0,1,19,26,20,99,0,0,7,289
2013-2014,4,3,20,0,0,23,23,17,117,0,0,5,304
2014-2015,3,2,16,0,1,21,23,9,88,0,1,1,227
2015-2016,3,1,16,0,1,18,17,7,70,0,1,5,194
2006-2007,7,11,16,0,0,83,12,6,27,2,0,0,387
2007-2008,4,5,12,0,0,81,12,10,41,4,0,0,364
2008-2009,1,4,14,0,0,88,12,11,59,4,0,0,355
2009-2010,3,8,15,0,0,97,14,12,59,3,0,0,355
2010-2011,5,8,10,0,3,85,13,11,70,2,0,6,353
2011-2012,5,6,13,0,1,66,7,8,66,3,0,6,367
2012-2013,3,6,11,0,2,70,9,7,64,2,0,10,382
2013-2014,5,3,15,0,3,67,9,15,61,2,1,10,384
2014-2015,5,4,17,0,3,74,15,20,67,3,2,14,401
2015-2016,10,5,36,0,4,113,32,19,103,2,1,17,478
2008-2009,2,0,0,0,0,7,3,0,1,0,0,0,13
2010-2011,1,0,0,0,0,1,1,0,1,0,0,1,1
2011-2012,3,0,0,0,0,4,3,0,0,0,0,0,1
2012-2013,4,0,1,0,0,9,1,0,1,0,0,2,3
2013-2014,4,0,1,0,0,11,1,0,1,0,0,2,5
2014-2015,1,0,0,0,0,8,0,1,0,0,0,1,2
2015-2016,1,0,0,0,1,9,0,1,0,0,0,1,3
2006-2007,1,2,2,0,0,29,3,6,11,1,0,0,89
2007-2008,1,3,4,0,0,25,9,3,14,1,0,0,76
2008-2009,3,0,4,0,0,26,14,3,16,0,0,0,81
2009-2010,2,2,8,0,0,29,12,4,15,0,0,0,77
2010-2011,4,2,14,0,1,29,9,6,13,0,1,3,91
2011-2012,4,1,13,0,2,41,9,7,23,0,0,3,98
2015-2016,2,2,18,0,2,25,14,2,12,0,0,0,58
2015-2016,2,0,1,0,2,27,1,2,2,0,0,4,78
2014-2015,0,0,0,0,0,10,1,0,0,0,0,0,16
2015-2016,15,3,8,2,14,56,17,5,25,3,1,19,116
2014-2015,0,5,1,0,0,13,0,5,12,0,0,3,41
2015-2016,4,7,0,1,0,14,11,15,5,1,1,5,98
2011-2012,6,26,0,0,0,11,3,13,1,0,0,2,100
2012-2013,14,42,1,0,2,27,12,38,4,0,0,2,195
2013-2014,11,32,0,2,0,19,18,19,10,2,0,9,201
2014-2015,13,31,2,2,0,22,19,34,9,2,0,10,191
2012-2013,9,3,8,0,1,38,11,3,28,0,0,3,107
2013-2014,9,4,11,0,1,25,5,4,24,0,0,1,102
2014-2015,5,3,11,0,3,18,9,2,16,0,0,1,73
