"Totals, Female: Asian (Tot. F)","Totals, Female: Black/African American (Tot. F)","Totals, Female: Hispanics of any race (Tot. F)","Totals, Female: Native Hawaiian/Other Pacific Islander (Tot. F)","Totals, Female: Two or more races (Tot. F)","Totals, Female: White (Tot. F)","Totals, Male: Asian (Tot. M)","Totals, Male: Black/African American (Tot. M)","Totals, Male: Hispanics of any race (Tot. M)","Totals, Male: American Indian/Alaska Native (Tot. M)","Totals, Male: Native Hawaiian/Other Pacific Islander (Tot. M)","Totals, Male: Two or more races (Tot. M)","Totals, Male: White (Tot. M)"
0,0,0,0,0,20,1,1,2,0,0,12,72
0,0,0,0,0,22,1,0,0,0,0,11,63
0,0,0,0,1,15,0,0,0,0,0,8,47
0,1,0,0,5,4,1,0,0,0,0,3,25
10,2,0,0,9,20,25,11,8,0,0,48,332
7,3,0,0,4,20,16,7,12,1,0,41,331
3,3,0,0,4,18,20,8,12,4,0,29,333
1,1,0,0,3,18,19,6,12,1,0,34,294
2,0,0,0,4,13,22,3,14,2,0,48,285
3,0,1,0,7,25,13,6,10,3,1,42,313
2,1,1,0,6,26,16,8,16,0,1,35,324
3,0,1,0,3,25,16,8,16,0,1,33,335
2,0,0,0,8,31,20,7,19,0,0,55,354
4,0,2,0,9,30,25,8,22,0,0,64,362
67,1,1,,15,13,526,8,24,1,,106,192
75,1,,,16,16,535,8,21,2,,120,197
79,1,0,0,0,22,549,6,22,1,1,0,211
81,1,2,0,0,24,588,6,21,1,0,0,216
88,2,2,0,0,24,633,6,27,1,0,0,216
90,1,1,0,,27,668,8,29,0,0,,212
94,1,4,0,,26,635,10,29,2,0,,177
296,4,20,0,0,48,1128,24,177,6,0,0,398
256,3,27,0,0,34,1006,19,165,4,0,0,352
214,1,33,0,0,35,840,16,127,4,0,0,305
143,3,24,0,0,36,585,12,94,2,0,0,232
110,2,17,0,0,26,461,6,77,4,0,0,185
90,1,15,0,0,23,346,7,66,3,0,0,172
59,1,11,0,0,14,272,5,51,5,0,0,164
48,0,7,0,0,19,240,6,50,2,0,0,169
65,0,7,0,0,18,268,4,58,3,0,0,187
69,0,8,0,0,18,322,6,64,2,0,0,211
94,1,9,0,0,20,419,8,66,2,0,0,244
129,3,10,0,0,28,496,4,54,3,0,0,254
0,1,0,0,,5,0,0,0,0,0,,12
0,0,0,0,,9,1,0,0,0,0,,31
3,11,18,0,,6,14,61,70,0,2,,51
1,14,18,0,,4,10,58,66,0,2,,41
1,17,20,0,,3,9,66,58,0,1,,53
0,13,10,0,,5,8,42,53,0,0,,44
0,9,7,0,,7,6,34,37,0,0,,47
190,6,7,0,0,31,750,18,69,2,5,0,299
127,3,4,0,0,20,572,11,69,2,6,0,284
82,0,4,0,0,21,400,11,66,1,7,0,251
65,0,3,0,0,20,348,9,65,3,6,0,216
68,1,4,0,0,18,297,7,56,0,5,0,202
83,2,5,0,0,20,315,7,54,2,3,0,186
97,5,7,0,0,16,317,6,53,3,2,0,189
107,3,9,0,0,24,336,5,61,3,2,0,175
138,3,15,0,0,24,405,10,80,3,0,0,191
176,3,26,0,0,29,496,19,95,4,0,0,193
244,5,48,0,0,33,674,28,142,4,2,0,255
291,5,62,2,0,45,829,31,210,6,2,0,294
341,5,63,3,0,53,881,31,254,8,3,0,298
6,2,2,0,2,25,31,9,29,1,0,11,365
118,2,9,0,,25,659,16,39,3,1,,182
5,6,11,0,0,44,36,24,76,4,0,0,343
8,6,13,0,0,45,39,34,103,2,0,0,385
9,5,15,1,0,49,47,31,109,3,0,0,452
9,7,22,1,0,49,60,25,134,2,0,0,480
11,9,27,0,0,50,80,22,155,4,1,0,507
10,8,22,0,0,38,72,13,131,4,1,0,393
4,0,6,0,2,5,5,3,28,0,1,3,22
21,2,8,1,12,37,119,14,74,13,10,51,346
12,7,25,0,0,55,98,12,151,3,1,0,432
167,0,14,0,0,37,786,25,52,4,3,0,198
1,10,15,0,,7,13,53,52,1,1,,46
4,10,19,,,8,17,47,65,,,,56
3,9,17,,,7,18,56,72,,,,59
0,54,0,0,0,0,1,95,0,0,0,0,3
2,87,0,0,0,0,1,123,0,0,0,0,3
1,54,1,0,0,0,1,128,1,0,0,0,3
1,50,0,0,0,0,0,146,3,0,0,0,2
0,48,1,0,0,0,0,144,5,0,0,0,2
1,54,2,0,2,0,0,145,2,0,0,1,1
55,11,14,,20,30,171,47,42,1,2,104,263
67,21,13,1,15,41,209,49,44,,3,86,302
76,24,12,2,17,44,249,58,60,,4,89,311
78,18,14,2,24,42,278,76,64,0,6,80,304
1,0,0,0,0,0,0,0,2,0,0,0,0
25,11,0,,10,54,63,28,24,0,,80,607
12,13,3,,8,44,47,23,29,2,,72,526
10,10,7,,2,47,34,28,27,3,,58,514
10,10,9,,4,51,41,30,26,1,,45,539
4,5,2,0,1,7,9,21,14,0,0,5,112
4,6,0,0,1,7,20,27,29,1,0,11,142
4,7,3,0,0,13,18,28,40,0,0,10,158
3,4,6,0,1,18,32,41,51,3,0,12,209
2,9,11,0,2,17,30,34,66,1,0,15,198
4,11,11,0,3,20,40,43,74,1,0,16,198
2,1,2,,1,4,1,4,8,,,2,17
88,21,13,2,21,49,283,87,74,0,6,75,296
1,1,4,,1,3,7,2,19,3,,5,43
6,,7,1,4,30,16,20,40,2,,4,130
10,15,9,0,0,26,40,36,72,0,0,0,214
3,2,1,0,0,4,6,5,0,1,0,0,63
0,5,1,0,0,9,6,1,0,0,0,1,54
2,1,0,0,0,6,11,2,2,0,0,1,55
1,3,0,0,0,5,6,6,1,0,0,2,40
1,4,5,0,0,1,18,23,32,0,0,1,33
1,1,4,,1,0,7,13,16,,,0,16
1,2,3,,0,1,5,10,17,,,1,22
1,5,5,,,1,11,,23,,,,13
0,0,0,0,0,21,5,8,2,3,0,1,195
3,34,15,1,2,92,11,60,54,6,2,6,361
17,5,3,1,5,40,35,17,15,0,0,8,286
8,6,1,0,5,34,21,16,10,0,0,6,271
4,4,1,0,5,28,10,19,10,0,0,4,259
3,4,3,0,3,22,9,17,8,0,0,4,242
2,4,2,0,2,18,14,11,6,2,0,7,251
1,2,2,0,1,21,13,8,9,4,0,7,299
1,2,1,0,1,27,16,13,11,4,0,4,324
2,2,0,0,0,21,23,14,11,3,0,3,351
76,19,14,2,6,43,144,28,52,0,1,11,166
0,0,0,,,1,2,6,6,,,,6
1,4,0,0,1,6,10,7,0,0,0,3,56
1,5,0,0,2,11,10,13,2,0,0,6,69
0,0,0,0,0,0,0,0,0,0,0,0,0
7,9,17,0,0,4,28,16,98,0,0,5,14
20,8,7,0,4,44,44,16,15,0,0,11,289
4,4,24,0,0,4,14,40,171,1,0,5,29
5,9,27,0,0,4,12,42,172,1,0,5,25
6,12,40,0,1,7,13,56,225,1,0,6,28
4,13,44,0,3,7,15,54,254,1,0,10,28
7,14,37,0,2,5,22,44,262,0,0,13,32
3,4,0,0,1,28,6,7,6,0,1,9,210
2,6,0,0,0,31,7,4,9,0,1,8,202
4,7,1,,,39,6,9,10,,,,282
6,8,1,,,66,19,20,13,,,,368
7,9,5,1,,70,15,22,16,,,,422
6,9,6,1,,84,11,31,19,,,,438
7,6,6,1,,95,22,27,23,1,,,473
7,9,9,1,,142,37,26,21,,1,,572
43,9,12,0,0,145,73,27,21,3,2,0,533
2,5,2,,,45,10,17,12,,,,306
1,1,2,0,1,22,0,2,3,0,0,2,56
2,2,2,0,0,4,3,2,10,1,0,2,18
7,12,4,,2,15,23,29,20,1,1,5,68
0,1,0,0,0,1,1,0,1,0,0,0,2
0,2,0,0,0,6,2,0,1,0,0,9,23
1,0,0,0,1,3,1,0,1,0,0,10,20
1,,,,,2,2,,1,,,1,17
7,3,2,0,0,8,47,16,16,0,0,0,35
17,11,1,1,2,58,30,13,11,0,0,4,118
0,0,0,0,0,0,0,1,0,0,0,0,1
24,9,4,1,5,54,17,18,11,0,0,2,95
24,13,3,1,3,54,16,13,9,0,0,6,80
23,11,4,1,6,51,18,10,9,0,0,8,72
21,10,6,0,6,54,19,11,6,1,0,6,66
1,0,1,0,0,12,4,0,2,1,0,1,28
2,0,1,0,0,10,3,0,1,1,0,1,28
3,0,0,0,0,6,6,0,1,1,0,1,27
3,0,0,0,0,9,7,0,0,0,0,2,31
4,0,2,0,2,14,10,0,3,0,0,6,23
0,1,0,0,1,4,0,1,1,0,0,0,5
0,0,0,0,1,6,0,0,1,0,0,0,4
12,0,2,0,0,9,37,1,7,0,0,3,83
18,0,4,0,1,10,41,3,14,0,0,8,96
24,0,4,0,2,16,53,7,20,0,0,12,102
49,1,4,0,4,28,89,12,31,0,0,20,130
62,3,6,0,7,37,132,14,36,0,0,22,159
1,1,5,0,0,13,1,4,4,0,0,0,39
1,2,0,0,1,13,0,7,3,2,0,1,39
4,0,3,0,1,11,9,1,2,0,0,5,21
0,0,0,0,0,0,2,1,0,0,0,0,5
0,0,0,0,1,2,5,0,0,0,0,0,6
1,0,0,0,1,2,10,1,4,0,0,1,8
3,0,0,0,1,3,20,0,3,0,0,0,12
10,0,0,0,1,4,38,0,3,0,0,1,21
1,0,1,0,0,4,13,3,3,0,0,1,30
2,0,1,0,0,7,15,1,2,0,0,1,31
6,0,3,0,3,13,30,3,5,0,0,2,58
7,2,1,0,2,9,45,1,6,0,0,5,73
12,2,2,0,2,7,59,2,8,0,0,7,76
0,0,0,0,0,0,0,0,0,0,0,0,0
0,0,0,0,0,1,1,0,0,0,0,0,5
2,0,0,0,0,0,2,0,0,0,0,1,4
0,0,0,0,0,0,0,0,0,0,0,0,1
1,1,0,0,0,0,3,0,0,0,0,0,3
2,1,0,0,1,0,4,1,0,0,0,0,6
0,0,0,0,0,1,0,0,0,0,0,0,0
3,0,0,0,0,2,2,0,0,0,0,0,6
6,0,1,0,0,1,7,0,0,0,0,0,8
0,0,0,0,0,2,2,1,0,0,0,1,0
6,0,0,0,0,4,6,2,2,0,0,1,6
24,11,9,0,6,48,21,12,8,0,0,4,55
5,1,0,0,3,13,17,1,5,0,0,5,65
6,4,1,0,0,10,55,13,20,0,0,0,52
18,2,2,0,0,18,68,12,32,0,0,0,61
28,4,9,0,0,19,100,19,32,0,0,0,63
37,5,15,0,0,24,123,26,42,0,0,0,66
4,5,3,0,6,17,14,16,12,0,0,18,69
2,1,2,0,2,18,7,14,12,1,0,24,65
1,4,1,,,17,5,16,5,,,,53
4,5,3,,,20,5,11,13,1,,,64
5,5,1,,,16,9,21,10,1,,1,76
3,8,2,,1,23,14,25,12,,1,5,91
4,9,3,,1,18,16,30,16,,1,3,90
2,0,1,0,1,3,3,1,1,0,0,0,18
1,0,0,0,1,1,2,2,1,0,0,1,17
1,1,1,0,2,3,2,3,3,0,0,1,17
5,0,1,0,0,8,2,1,5,0,0,1,21
6,0,1,0,1,10,6,4,8,0,0,1,25
0,0,0,0,0,4,0,0,0,0,0,0,9
0,0,0,0,0,1,0,0,1,0,0,0,11
4,0,2,0,1,8,10,1,4,0,0,1,13
4,0,2,0,1,13,11,1,3,0,0,1,17
6,1,3,0,1,12,10,0,1,0,0,0,16
11,1,3,0,1,7,11,1,4,0,0,1,14
18,1,4,0,3,10,10,2,4,0,0,2,20
4,8,4,1,,17,13,43,19,,1,6,79
5,8,3,2,,19,16,29,19,,1,6,78
6,9,5,1,,25,18,49,27,,1,9,93
11,10,4,0,3,10,51,13,11,0,0,6,182
10,11,2,0,2,12,49,17,21,0,2,9,150
15,9,2,0,3,16,55,17,18,0,3,8,140
19,8,0,0,3,21,49,25,16,0,6,9,122
2,9,0,0,0,19,6,14,4,0,0,2,118
2,15,1,0,1,16,5,26,5,0,0,12,111
5,13,1,0,2,13,10,33,6,0,0,12,138
3,23,5,0,4,26,12,38,12,0,0,16,151
5,16,5,0,4,18,8,32,16,0,0,20,141
1,1,5,0,0,4,8,12,9,0,0,1,27
0,1,0,0,0,6,1,3,2,0,0,1,89
1,1,0,0,0,15,2,5,4,0,0,1,71
0,0,0,0,0,0,11,1,8,0,0,1,19
17,1,3,0,3,16,97,7,28,5,0,50,272
1,0,0,0,0,6,5,2,0,0,0,0,20
1,4,2,0,5,16,35,10,9,1,0,37,267
3,4,1,0,3,21,37,13,5,2,0,44,272
4,5,1,0,8,23,32,13,6,1,0,38,289
5,6,1,0,15,26,32,16,10,1,0,47,299
0,82,0,0,5,1,1,139,2,0,0,10,5
0,65,0,0,1,0,0,115,2,1,0,0,2
7,0,0,2,5,16,40,6,9,6,2,45,273
8,0,0,0,7,17,43,6,14,5,2,47,273
12,0,1,0,9,21,47,4,15,6,0,51,329
12,1,2,0,6,33,62,2,21,6,1,70,364
9,1,3,1,11,35,76,2,24,2,2,83,352
13,3,3,,6,27,63,17,24,4,,76,637
6,1,3,,4,26,60,12,26,6,,70,604
4,2,2,,2,24,51,10,25,3,,59,563
6,3,2,,2,28,40,17,19,2,,62,522
1,1,0,,0,16,26,8,7,0,,26,262
1,2,0,,2,15,20,6,8,0,,26,258
13,0,0,,,13,58,8,6,,,5,148
8,0,0,,0,9,39,5,12,1,,6,129
2,0,0,,0,7,22,3,7,1,,3,88
4,0,0,,0,4,12,1,6,1,,2,74
4,0,0,,0,5,13,3,5,,,1,82
4,1,0,,0,7,16,1,9,,,1,71
4,0,0,,,7,11,1,13,,,,68
4,1,0,,,11,16,2,16,,,,85
3,1,1,0,,12,10,3,15,0,0,,100
4,0,2,0,1,2,15,1,12,0,0,17,63
4,0,2,0,2,3,11,0,10,0,0,14,54
6,0,1,0,1,4,12,2,10,0,0,12,75
19,1,5,1,0,10,81,13,44,1,2,0,192
6,5,2,0,0,25,72,36,10,3,0,1,303
10,5,1,2,0,35,70,40,7,3,1,6,339
15,7,2,2,4,50,81,48,12,0,0,7,370
14,10,4,0,6,40,90,45,21,2,0,13,363
16,9,8,0,8,48,96,57,33,2,1,20,387
6,11,6,0,5,27,25,29,6,3,0,22,220
3,15,6,0,14,28,26,33,12,2,1,45,264
5,17,5,0,15,24,26,29,20,4,1,34,272
8,17,4,0,14,22,41,49,26,5,0,32,300
9,19,6,0,9,32,54,55,38,2,0,49,333
28,2,3,0,3,19,48,8,4,0,0,18,107
30,4,2,0,4,22,55,12,11,0,0,12,89
3,0,1,0,9,14,15,0,5,2,0,50,246
2,0,1,0,3,14,16,1,7,2,0,34,212
3,0,0,0,6,9,17,1,8,1,0,39,243
10,4,0,0,0,9,43,9,3,0,0,0,94
9,1,2,0,0,14,40,6,4,0,0,0,80
9,1,3,0,0,15,26,6,3,0,0,0,90
17,7,1,0,3,23,55,19,6,1,0,21,171
29,5,19,0,0,25,146,10,100,3,2,0,282
19,2,8,0,0,27,130,11,69,4,1,0,232
20,2,6,0,0,26,128,12,49,3,1,0,240
20,3,5,0,0,19,102,19,49,4,2,0,232
5,5,3,0,0,28,20,22,55,0,0,14,298
6,2,10,0,1,33,30,19,71,0,0,16,318
5,7,7,0,2,34,33,20,59,0,0,24,370
7,9,5,0,4,22,46,32,87,0,0,31,391
6,12,8,0,2,40,56,40,114,1,2,35,421
8,9,15,0,5,39,60,44,143,1,3,47,467
47,11,18,0,11,60,219,35,165,6,0,76,473
64,10,20,0,23,68,290,35,203,4,0,117,515
79,13,30,0,39,106,365,45,251,3,0,189,611
103,17,46,0,57,120,450,41,280,7,0,270,652
118,15,56,1,0,144,509,39,281,2,2,0,765
7,3,2,11,1,24,49,13,15,3,2,4,168
12,9,4,1,5,36,75,15,25,4,3,6,224
21,15,6,2,7,55,104,17,27,3,4,16,302
33,2,3,0,4,24,67,12,15,1,0,9,98
43,7,4,0,3,35,90,12,17,1,0,6,123
14,12,2,0,12,46,55,24,19,3,0,41,460
57,6,3,1,1,42,110,7,24,0,0,11,142
72,7,8,1,0,45,132,9,19,0,1,19,163
5,3,4,,6,16,34,8,43,3,,17,279
10,1,2,,3,18,43,8,62,3,,15,302
15,1,3,,4,24,44,13,62,2,,16,293
11,3,7,1,2,31,62,16,73,4,,22,307
11,3,10,,3,36,72,17,102,3,,24,382
19,9,17,,4,52,89,25,118,8,,33,468
32,6,25,,11,53,127,21,136,8,,49,559
7,1,2,0,0,8,18,3,13,0,0,0,103
8,2,2,0,,20,24,4,20,0,0,,133
12,1,4,0,7,31,68,16,19,1,1,34,282
9,0,6,0,4,41,86,6,35,1,2,31,416
7,5,1,0,15,36,30,14,13,1,0,81,344
10,6,1,0,17,44,41,20,22,2,0,102,373
14,11,1,0,22,57,57,23,32,2,0,147,420
46,13,35,1,17,67,176,28,170,7,1,56,644
6,0,2,0,2,26,41,14,20,1,0,17,321
8,0,5,0,5,24,45,12,18,0,0,23,384
8,2,5,0,2,23,64,10,22,0,0,37,408
15,2,3,0,6,29,103,10,19,0,0,42,466
0,0,26,1,7,1,0,2,127,1,0,16,13
0,0,27,1,0,1,1,3,148,0,0,0,9
43,5,27,0,0,30,181,10,132,2,2,0,324
29,1,,,15,38,62,,4,1,,45,142
29,1,1,,16,42,65,,4,1,,57,152
35,1,2,,21,39,80,2,7,2,1,47,134
34,1,2,,22,30,84,3,4,1,2,44,126
35,1,1,1,26,43,77,2,6,,2,48,142
47,1,1,,32,44,87,1,9,3,2,48,148
64,1,3,,53,45,104,3,10,4,1,63,162
27,15,6,0,6,46,131,35,44,0,1,21,489
1,2,1,,,15,1,2,8,,,4,173
1,1,1,,,19,9,6,6,,,6,195
4,8,,11,4,1,24,43,,0,32,26,33
6,2,,10,1,1,8,29,,,31,8,29
1,0,1,0,0,15,1,1,5,2,0,0,197
1,1,0,0,0,19,2,3,5,3,0,0,169
1,1,1,0,0,13,5,1,3,3,0,0,174
14,0,5,0,,16,72,2,33,1,2,,143
21,0,3,0,,21,81,5,30,0,1,,142
14,0,2,4,1,17,76,5,41,0,4,5,142
17,1,6,3,1,18,101,3,52,1,5,9,153
1,0,0,0,0,13,8,1,3,1,0,0,205
2,0,0,0,1,16,7,1,3,0,0,5,200
7,1,1,0,6,18,34,5,9,3,0,54,162
6,1,2,0,7,23,36,7,7,1,0,44,189
9,2,2,0,7,26,35,4,6,2,0,45,236
11,2,1,0,11,36,59,12,12,1,0,79,271
9,3,3,0,30,37,93,10,21,0,0,131,301
33,3,6,0,3,58,140,14,41,1,1,17,367
1,1,0,0,1,3,9,2,1,0,0,10,24
0,0,0,0,0,3,7,1,2,0,0,7,23
1,0,0,0,2,3,5,1,4,0,0,7,28
2,0,1,0,2,6,12,2,1,1,0,11,43
6,0,1,0,8,6,19,5,1,1,0,18,58
10,1,1,0,1,28,47,7,2,1,0,5,132
0,1,0,0,2,3,2,2,4,0,0,8,18
0,0,0,0,2,5,2,2,4,0,0,11,15
0,0,1,0,2,0,0,1,4,0,0,7,11
0,0,0,0,3,1,1,0,1,0,0,4,13
0,0,0,0,1,0,1,0,0,0,0,5,19
0,0,0,0,0,1,1,1,0,0,0,3,15
19,3,1,0,0,7,122,10,13,0,0,0,64
9,1,0,0,0,10,92,5,13,1,0,0,58
3,0,1,0,0,8,72,2,10,0,0,0,49
7,0,0,0,0,4,50,8,11,0,0,0,42
4,0,0,0,0,2,43,8,11,0,0,0,36
14,5,6,1,,33,74,15,35,18,6,,33
12,3,4,1,,40,67,7,22,11,8,,305
15,3,5,,,38,42,5,15,6,6,,242
15,2,1,1,,28,45,9,17,3,4,,259
7,1,2,1,,17,4,7,13,2,2,,185
1,3,6,0,0,16,6,6,22,0,3,0,102
2,3,4,0,0,13,2,4,17,0,1,0,79
1,3,1,0,0,13,0,3,12,0,1,0,55
2,2,1,0,0,7,1,3,8,0,0,0,45
0,0,0,0,0,3,1,5,9,0,0,0,37
17,11,20,0,0,48,77,55,161,1,4,0,496
0,1,0,0,0,19,4,2,2,2,0,7,175
0,1,0,0,2,18,3,2,3,2,0,9,193
0,1,0,0,3,23,5,2,5,4,0,7,205
0,0,1,0,1,21,5,2,6,3,0,11,248
0,0,1,0,2,34,3,2,8,2,0,7,271
25,3,29,4,0,7,137,15,136,1,19,9,141
31,3,22,2,2,7,177,16,181,6,14,13,140
50,2,18,0,2,15,246,15,172,9,10,30,150
48,2,20,0,5,13,314,17,190,11,7,40,137
69,5,22,0,8,17,443,18,228,4,7,50,139
3,1,0,0,0,8,3,4,1,0,0,0,75
1,2,0,0,1,7,10,4,2,0,0,1,88
2,3,0,0,1,12,11,7,4,0,1,4,96
2,2,0,0,0,19,12,7,3,0,0,6,94
6,0,1,0,2,18,16,1,9,1,1,12,174
0,0,1,0,0,9,1,0,1,0,0,1,29
0,0,1,0,0,6,1,0,4,0,0,1,28
0,0,1,0,0,7,0,0,2,0,0,1,25
0,0,0,0,0,17,3,1,6,1,0,0,188
0,0,0,0,0,18,5,3,4,2,0,0,183
0,0,0,0,0,19,1,1,5,1,0,0,179
19,3,3,1,4,38,84,14,27,0,1,37,292
59,2,24,0,10,29,180,6,100,1,2,55,232
1,0,1,0,0,29,1,0,1,1,0,0,217
129,12,47,0,0,132,476,34,209,2,2,,657
28,3,1,0,,37,174,13,29,0,0,,555
19,0,1,0,0,6,76,1,4,0,0,0,39
29,0,1,0,0,12,97,0,9,1,0,0,46
41,0,0,0,0,14,110,1,7,0,0,0,55
66,0,5,0,0,16,206,4,17,3,0,0,80
123,1,6,0,0,25,307,3,24,3,0,0,123
143,0,6,0,0,26,379,2,15,1,0,0,130
13,42,12,0,8,65,72,93,65,3,0,33,594
24,56,15,0,6,83,102,107,75,4,1,35,693
39,15,9,0,3,61,186,45,51,0,1,27,537
62,12,10,0,5,90,219,44,57,0,1,31,576
90,12,15,0,10,104,322,55,71,1,1,40,588
136,16,19,0,15,128,418,76,76,1,1,52,636
4,10,1,0,1,13,33,13,7,1,0,6,131
8,7,1,0,1,12,39,12,11,0,0,8,145
7,7,2,0,0,13,45,12,10,0,1,8,138
11,6,2,0,0,17,42,16,11,1,3,7,138
2,5,13,,0,5,15,23,40,,,3,33
2,5,9,,1,5,22,32,49,,,4,44
2,8,10,,1,4,25,43,59,1,,5,43
1,7,8,,3,8,27,48,51,1,,4,41
86,4,12,0,0,57,147,12,21,0,1,0,163
0,6,0,0,0,6,1,11,2,0,0,0,47
1,4,0,0,0,6,2,23,4,0,0,0,72
0,3,0,0,0,7,2,28,3,0,0,,69
0,0,0,0,0,2,1,16,2,0,0,0,60
0,4,0,0,0,3,1,21,5,1,0,0,79
0,3,0,0,0,7,3,17,4,1,0,0,87
1,4,1,0,0,5,5,20,2,0,0,0,94
2,0,0,0,3,19,19,2,8,0,1,12,213
7,1,0,0,1,22,29,1,7,0,2,16,260
11,2,0,0,2,45,49,5,13,1,3,15,420
2,2,3,0,0,16,11,6,4,1,0,0,71
2,4,3,0,2,22,8,5,5,0,0,4,62
2,2,3,0,0,16,11,6,4,1,0,0,71
46,16,7,1,0,67,142,27,30,3,2,0,351
1,5,5,0,0,10,13,21,24,0,0,2,76
41,18,9,1,8,69,146,42,33,1,0,28,345
3,0,1,1,0,14,4,5,20,1,0,4,72
2,2,0,0,0,2,4,1,0,0,0,2,15
13,4,3,0,2,7,123,29,83,0,0,15,162
1,,,,,,3,,,,,,4
5,20,5,,2,21,25,39,15,1,,27,178
4,18,3,0,7,33,25,48,18,1,0,35,182
4,8,1,0,2,13,19,15,6,0,0,4,121
9,0,3,0,3,26,13,1,4,0,0,3,45
11,0,5,0,3,39,17,1,11,0,0,2,43
13,0,6,0,3,36,16,1,11,1,0,2,45
1,0,1,0,0,22,1,6,8,1,0,8,170
7,1,0,0,1,26,59,13,1,0,3,14,282
8,4,5,0,0,16,48,10,45,1,0,7,140
9,5,2,0,1,9,54,12,36,0,0,6,146
15,5,6,0,3,9,81,12,48,0,1,7,154
21,5,7,0,3,10,105,14,73,1,0,6,170
36,5,11,0,2,10,141,17,85,1,0,13,187
41,8,13,0,2,19,188,18,83,1,0,18,201
2,1,2,0,0,15,3,7,1,0,0,5,59
2,1,2,0,1,14,8,5,4,0,0,4,55
2,9,1,0,1,16,4,22,5,3,0,8,177
1,4,1,0,0,18,7,27,6,1,0,7,148
1,9,0,0,2,15,5,23,2,3,0,6,128
0,6,0,0,0,13,3,25,2,1,0,6,133
23,14,5,1,0,103,117,41,46,9,4,0,877
15,0,2,0,6,24,10,1,8,1,0,1,27
2,10,,,,23,14,32,,4,,,137
0,0,2,1,2,20,9,1,5,1,0,3,51
1,0,0,,1,7,4,2,2,,,5,81
96,2,0,0,6,30,132,13,3,1,0,33,112
9,1,5,1,0,49,21,17,12,0,0,5,184
32,5,2,0,0,7,153,9,12,0,0,0,63
1,,,,,3,5,,,,,1,34
1,,,,,3,8,,1,,,,46
2,,,,,2,8,3,3,,1,,33
2,1,,,,3,27,4,,8,1,,43
1,,1,,,2,17,7,8,,1,1,46
49,6,4,0,3,12,181,15,31,0,0,12,66
17,1,0,1,3,39,56,9,6,1,1,5,152
43,3,9,0,9,66,175,16,42,1,1,20,409
22,7,1,0,2,16,46,18,16,0,0,13,129
0,1,3,0,2,4,0,4,3,0,0,1,34
0,0,1,0,0,4,0,2,1,0,0,1,28
1,0,1,0,3,35,2,0,8,0,0,16,259
9,1,4,0,0,20,31,3,20,0,0,0,158
10,1,4,0,0,25,41,3,17,0,0,0,157
15,7,3,0,1,16,45,17,11,2,1,14,219
99,11,11,0,0,52,157,19,24,0,0,0,152
183,1,5,1,,17,377,1,14,1,0,,100
24,1,1,0,1,18,184,9,19,0,2,18,369
24,1,2,0,2,21,242,13,27,0,1,19,401
38,2,2,0,3,31,275,15,24,0,1,13,393
69,1,3,0,4,43,287,15,28,0,0,13,362
94,1,6,0,5,45,301,15,30,0,0,20,313
0,2,35,0,0,3,4,3,169,1,0,0,17
0,2,45,0,0,1,3,3,188,1,0,0,22
168,27,26,0,18,152,460,90,88,1,1,46,662
4,1,5,0,0,19,8,15,29,2,0,0,246
3,1,3,0,0,20,12,7,33,2,0,0,253
3,1,5,0,0,24,14,5,32,1,0,0,221
4,4,4,0,0,26,20,10,29,2,0,0,201
5,5,7,0,1,29,21,15,52,1,0,5,244
7,3,9,0,2,33,29,18,60,1,0,7,278
6,3,12,0,3,28,35,17,72,1,0,8,289
7,3,14,0,4,31,47,14,88,3,1,14,325
8,6,16,0,1,28,58,10,97,3,1,15,296
12,7,16,0,3,38,75,12,114,3,0,23,327
2,0,2,0,2,43,5,4,12,1,0,15,345
9,4,0,0,2,19,14,6,2,1,0,7,78
16,1,8,2,1,21,102,5,47,0,2,17,144
15,0,10,0,2,28,102,6,44,0,2,25,136
23,0,8,0,1,31,114,6,44,0,1,25,137
23,0,10,0,3,28,113,3,46,0,1,27,128
1,1,2,,,23,11,8,14,,,4,218
2,,2,,2,30,20,6,9,1,,6,281
3,1,4,,2,29,22,10,15,1,,6,316
3,1,4,,4,26,34,14,16,1,,12,346
8,,5,,1,23,41,6,21,2,,7,343
3,6,2,0,4,24,8,7,5,1,0,5,61
43,2,18,0,5,8,292,16,136,0,2,36,78
22,11,4,0,0,80,71,31,39,1,0,0,484
22,4,6,0,0,5,110,16,31,2,0,0,140
14,3,5,0,1,8,155,28,70,0,0,6,135
4,4,2,0,2,15,7,12,3,2,0,8,126
8,2,2,0,2,13,14,12,5,1,0,8,168
2,1,2,0,0,4,7,5,7,0,0,2,32
2,0,0,0,0,22,38,4,5,1,0,0,247
8,0,1,0,0,21,48,3,5,3,1,0,236
11,0,2,0,0,16,58,5,4,3,2,0,246
31,0,3,0,0,24,102,6,8,2,2,0,265
1,3,5,0,1,16,12,8,26,0,1,8,130
2,6,5,0,0,1,11,22,29,1,0,0,7
10,6,16,0,2,2,33,17,86,0,0,10,14
15,2,5,0,,52,57,7,40,2,0,,325
15,1,2,0,5,69,73,6,28,1,4,16,548
21,0,2,0,0,17,86,4,9,4,1,0,234
2,8,24,0,0,4,10,29,197,0,2,13,30
5,8,16,0,1,2,15,21,215,0,0,10,34
2,6,35,0,2,5,21,34,279,0,0,9,40
3,11,34,0,0,9,27,38,303,0,0,13,43
2,8,30,0,0,12,20,38,269,0,0,9,31
33,5,2,0,7,34,95,23,42,0,6,20,528
41,4,4,0,2,61,133,36,49,0,10,28,539
53,8,7,0,4,71,169,42,53,0,16,22,561
0,0,0,0,5,1,2,0,1,0,0,9,32
1,0,0,0,2,3,5,0,0,0,0,8,21
3,0,0,0,0,8,4,4,1,1,0,0,46
4,0,0,0,0,4,5,1,3,0,0,0,49
2,0,0,0,1,6,7,0,3,0,0,0,39
1,1,0,0,1,6,11,0,1,0,0,2,49
3,1,0,0,0,8,14,0,2,0,0,5,59
11,0,1,0,4,16,22,2,9,3,0,7,139
16,0,3,0,1,21,17,2,14,4,0,6,167
14,0,3,0,5,25,30,5,27,7,1,12,216
12,0,2,0,5,35,41,1,32,9,1,17,213
9,0,3,0,5,42,62,10,34,6,2,27,244
1,3,,,,11,5,4,2,,,,89
1,1,,,,14,11,6,1,,,,146
1,1,,,,15,16,6,6,,1,,194
5,1,,,,26,25,11,14,,,,239
20,1,0,0,0,28,56,6,9,2,2,0,228
13,1,9,0,20,60,81,14,40,4,2,31,279
2,2,2,0,0,6,26,15,7,0,1,2,48
3,2,5,0,1,5,40,14,8,0,0,2,67
8,3,2,0,0,7,35,18,17,0,0,2,65
7,4,6,0,2,7,54,17,20,0,0,4,74
12,6,4,0,2,7,66,23,24,0,0,7,75
21,4,2,0,1,16,65,3,5,0,0,3,100
10,4,3,0,1,17,49,4,3,0,0,5,79
9,1,1,0,0,10,25,4,2,0,0,3,48
6,2,0,0,1,6,17,3,2,0,0,2,44
3,1,0,0,1,5,18,1,2,1,0,2,35
22,2,1,0,7,29,28,3,20,0,0,11,126
1,,1,,,2,17,7,8,,1,1,46
1,,,,,3,5,,,,,1,34
1,,,,,3,8,,1,,,,46
2,,,,,2,8,3,3,,1,,33
30,4,4,0,1,17,91,8,6,0,0,2,97
12,5,3,0,1,10,80,29,27,0,0,7,82
9,3,3,0,5,24,31,6,10,2,0,5,112
2,2,0,0,0,20,29,7,6,2,0,0,236
5,0,0,0,0,13,19,0,4,0,0,4,55
10,1,0,0,5,12,25,2,12,0,0,5,87
5,1,0,0,3,13,17,1,5,0,0,5,65
3,1,0,0,5,1,6,3,2,0,0,13,30
3,3,0,0,3,0,4,6,1,0,0,9,33
3,1,,,,6,2,4,4,,,,37
1,0,0,0,0,3,4,3,2,1,0,1,13
1,0,0,0,0,0,4,2,2,1,0,1,8
0,0,0,0,1,1,2,1,1,0,0,0,12
0,0,1,0,1,3,4,1,2,0,0,0,21
2,1,1,0,0,4,3,1,2,0,0,1,28
2,0,3,0,0,13,29,5,17,0,1,5,117
11,1,7,0,1,35,68,16,36,5,4,28,241
1,,,,,3,2,7,1,,,,33
1,1,,,,4,1,3,,,,,30
1,3,,,,5,1,5,1,,,,45
1,,1,,,10,2,2,4,,,,40
1,1,1,,,8,4,3,3,1,,,38
2,2,1,,,5,3,11,2,,1,,52
1,1,1,0,0,8,8,2,3,1,0,0,29
15,2,9,1,4,41,90,17,53,13,4,42,343
2,0,4,0,0,3,7,5,3,0,0,0,11
3,1,0,0,0,3,8,5,5,0,0,1,8
3,2,0,0,0,1,5,6,5,0,0,1,18
1,0,0,0,0,0,8,6,4,0,0,2,19
2,2,0,0,0,0,10,7,10,0,0,1,25
9,0,0,0,0,6,14,1,0,0,0,2,18
10,0,0,0,0,6,13,1,0,0,0,1,21
7,1,0,0,0,4,12,1,0,0,0,1,16
6,0,0,0,0,2,16,1,1,2,0,2,11
4,0,0,0,0,1,6,0,0,0,0,1,12
2,,1,,1,6,6,7,5,,,1,47
1,,,,1,5,2,6,4,,,,65
1,1,,,,9,10,7,6,,1,1,80
1,3,1,,1,5,21,16,13,,1,4,79
2,3,1,,1,6,13,23,19,,2,7,87
11,1,2,0,1,11,22,2,2,1,0,0,22
2,6,0,0,0,3,27,14,16,0,0,0,23
1,1,0,0,0,1,6,0,3,0,0,0,22
0,1,0,1,0,2,8,0,0,1,0,0,25
1,1,0,0,0,3,11,2,0,0,0,0,33
5,0,0,0,0,4,13,5,0,2,0,0,50
22,1,0,0,0,12,73,9,5,3,0,0,136
6,0,1,0,4,6,0,1,3,0,0,7,27
6,0,1,0,5,12,1,1,2,0,0,6,27
12,1,1,0,2,16,5,1,8,0,0,6,34
10,2,1,0,2,14,9,4,7,0,0,8,37
20,2,0,0,0,6,47,8,5,2,0,0,103
1,0,1,0,0,4,6,3,3,0,0,0,5
1,0,0,0,0,2,4,2,2,0,0,0,7
1,0,0,0,0,2,4,3,2,0,0,0,14
1,1,0,0,0,3,11,8,7,0,0,0,12
3,2,0,0,0,3,11,7,7,0,0,0,5
8,,1,,1,5,4,,,,,,5
16,2,5,0,4,66,15,11,17,1,1,4,178
16,1,5,0,5,66,14,8,14,1,0,3,184
9,0,4,0,5,67,13,11,16,1,0,7,177
7,3,1,0,4,58,18,15,15,2,0,4,183
7,3,1,0,5,68,16,13,18,2,0,6,214
7,3,2,0,4,75,18,12,11,3,0,5,248
8,3,0,0,3,72,20,8,6,2,0,4,286
7,4,1,0,2,70,20,8,5,2,1,5,335
9,1,1,0,0,5,7,3,6,0,0,0,11
22,5,4,0,2,7,18,5,10,0,0,2,19
5,0,4,0,2,3,2,0,2,0,0,0,4
7,0,2,0,3,7,1,0,4,0,0,1,7
5,0,2,1,3,6,2,0,7,0,0,1,6
4,0,1,1,4,8,1,0,6,0,0,1,4
8,0,1,1,2,7,2,0,3,0,0,0,6
8,,,,1,3,3,,3,,,,3
17,4,7,1,6,74,16,15,17,0,1,8,195
0,1,0,0,0,1,0,1,0,0,0,0,6
1,2,0,,0,8,14,8,11,0,,18,177
2,2,0,,0,12,19,6,10,0,,23,244
2,2,0,,0,10,23,5,13,1,,27,294
1,1,0,,0,16,25,11,15,1,,25,334
0,5,0,0,0,22,3,10,4,0,0,4,108
0,5,0,1,0,33,3,7,5,0,0,3,117
0,0,0,0,0,0,0,1,0,0,0,0,4
4,14,0,0,2,33,14,7,1,0,0,5,89
4,7,0,0,4,29,12,6,1,0,0,6,79
5,3,0,0,4,30,5,12,1,0,0,8,95
3,3,0,0,4,27,10,9,3,0,0,10,97
0,0,1,0,2,23,0,2,7,1,0,7,60
2,1,1,0,1,16,1,1,4,0,0,9,92
0,0,1,0,1,8,1,0,6,0,0,5,74
0,0,1,0,1,17,0,3,1,0,0,3,68
0,0,0,0,2,7,0,2,5,0,1,6,68
0,0,0,0,1,14,2,0,3,0,0,2,52
0,0,2,0,1,17,22,2,4,0,0,3,65
2,0,1,0,0,15,1,4,4,0,0,1,76
5,0,6,1,0,61,19,2,19,2,1,6,249
4,0,10,0,1,69,30,5,25,2,1,10,273
5,0,7,0,2,71,27,4,24,5,3,9,288
7,1,8,0,4,71,30,4,25,7,5,8,308
9,1,7,0,5,67,30,5,40,6,4,13,338
6,6,35,0,2,17,83,12,129,1,17,13,95
8,8,38,0,2,19,112,14,169,0,11,21,90
15,12,37,0,1,12,118,21,194,0,5,25,97
18,10,31,0,2,11,126,12,249,0,2,22,107
13,8,28,0,6,7,129,8,231,0,1,14,102
12,2,10,0,0,75,50,5,48,7,4,0,375
3,1,5,0,6,74,21,2,12,0,0,33,198
5,2,4,0,7,63,19,4,11,0,0,36,196
6,7,4,0,6,59,23,6,16,0,1,33,214
9,7,3,0,13,61,25,13,10,0,1,43,235
8,8,3,0,16,74,30,7,10,0,1,50,258
3,8,5,0,25,99,29,12,11,0,0,64,304
4,6,3,0,27,110,23,16,16,0,0,82,332
3,6,2,0,4,44,12,17,3,1,0,19,252
6,3,1,0,10,51,13,17,5,2,0,24,246
6,5,0,0,8,52,12,15,7,2,0,35,218
2,6,1,0,8,42,8,15,10,3,0,51,228
1,0,58,0,5,0,1,0,101,0,0,39,3
0,0,42,0,0,3,0,1,98,0,0,0,7
1,0,1,0,0,12,0,0,5,0,0,17,47
0,0,0,0,0,14,0,1,5,0,0,12,41
0,0,0,0,2,15,0,1,3,0,0,4,38
0,0,1,0,0,16,0,1,4,0,0,3,46
0,0,1,0,0,16,0,0,2,0,0,2,49
0,0,0,0,0,15,0,0,1,0,0,1,54
0,1,50,0,0,7,1,2,109,0,0,0,10
1,2,75,0,0,2,3,0,134,0,0,0,6
7,2,1,,4,5,46,7,12,,,13,55
9,3,,,3,7,41,12,12,,,11,54
11,4,2,,4,5,42,12,11,,,11,47
9,5,1,0,3,5,35,17,9,0,0,16,52
0,7,0,0,5,8,17,18,3,1,0,28,90
3,5,0,0,5,8,17,12,6,1,0,39,105
1,10,1,1,2,8,19,19,4,1,0,29,115
1,6,0,1,3,4,15,23,5,0,0,29,125
10,0,0,2,7,22,68,4,18,2,5,70,291
7,0,0,2,8,23,67,5,20,3,4,86,331
5,0,1,1,9,27,62,6,21,5,4,119,357
4,0,0,1,10,31,61,4,32,4,2,133,362
7,0,1,1,15,32,73,7,38,0,1,151,406
8,1,1,0,2,4,37,1,6,0,0,9,46
1,1,2,0,2,4,34,0,7,0,0,5,37
0,1,2,0,2,4,35,0,9,0,0,5,40
3,0,2,0,3,2,28,0,11,0,0,9,27
4,0,2,0,3,3,25,2,8,0,2,17,33
7,1,4,0,5,4,22,2,14,0,0,18,38
18,8,9,0,3,19,79,13,29,0,0,7,119
13,4,3,0,0,18,57,10,29,0,0,4,107
4,5,3,,0,11,41,11,25,0,,6,76
0,3,1,,0,3,31,6,19,,,6,72
0,1,4,,1,3,26,6,23,,,4,67
0,0,2,,1,1,21,4,18,,,3,63
3,0,2,,0,1,26,3,15,,,1,68
1,0,3,,0,1,32,3,17,,,3,66
2,1,4,0,,3,27,5,12,0,0,,70
6,0,3,0,0,1,27,1,6,1,0,11,33
5,0,3,0,0,1,22,1,11,1,0,9,34
3,1,3,0,0,2,12,0,14,0,0,7,30
10,3,4,0,0,4,49,5,35,1,3,0,69
7,6,0,0,1,6,39,36,6,0,0,0,99
8,3,1,1,0,7,23,28,8,1,0,0,82
6,7,0,1,0,11,37,42,7,1,0,3,112
2,6,1,0,0,9,37,33,10,2,0,4,111
5,7,2,0,3,12,50,36,10,1,0,6,135
1,6,1,0,0,9,11,23,9,0,0,7,93
0,9,0,0,6,5,17,27,13,0,0,18,82
1,5,2,1,6,5,23,28,16,0,1,16,86
4,3,2,1,6,6,28,22,12,1,0,18,73
4,2,3,1,7,5,29,26,17,0,0,17,79
15,3,3,0,0,6,66,7,30,1,6,0,71
12,2,5,1,0,7,79,6,35,1,2,0,76
16,2,4,0,0,7,95,4,45,0,0,0,84
15,0,8,0,0,10,118,4,74,1,0,0,90
2,4,5,0,4,13,33,26,15,0,0,26,214
5,0,0,0,1,8,46,5,10,0,0,25,145
13,1,7,1,7,62,142,10,64,2,4,54,701
7,1,1,0,2,6,43,14,17,0,1,13,48
1,6,0,1,7,5,11,24,7,0,1,38,112
2,4,0,1,6,8,17,22,6,0,1,55,126
5,3,0,0,6,14,30,24,11,0,0,71,140
22,1,14,0,0,8,126,2,96,2,0,0,117
9,2,,,5,10,37,,4,,,23,88
7,1,,,4,11,39,1,2,,1,15,92
4,1,,,5,8,42,1,2,,1,15,92
5,,,,7,10,39,3,2,,,18,95
8,,,,5,11,39,3,2,1,,18,99
13,,1,,6,10,42,1,4,1,,21,95
12,,2,,6,4,41,3,7,,3,18,61
1,0,0,0,0,3,6,0,0,0,0,1,8
2,0,0,0,0,2,8,0,0,0,0,2,9
1,1,1,0,0,3,14,4,1,1,0,1,14
4,1,,0,,3,16,5,,1,0,1,22
5,1,,,,27,21,9,9,2,,5,340
1,4,1,,,29,23,9,12,1,,6,373
0,1,0,0,1,4,0,0,2,0,0,0,14
0,0,0,0,2,2,0,0,1,0,0,0,12
0,0,0,0,2,0,0,0,0,0,0,1,10
0,0,0,0,2,0,0,0,0,0,0,1,14
0,0,0,0,0,0,0,0,0,0,0,3,15
0,1,0,0,0,0,0,0,0,0,0,2,12
2,1,0,0,0,1,33,9,6,0,0,0,24
9,3,2,0,0,2,55,8,14,0,0,0,19
6,0,0,0,0,3,49,6,4,0,0,0,22
4,1,0,0,0,4,33,5,9,1,0,0,26
2,2,0,0,0,2,31,7,8,0,0,0,29
0,0,0,0,0,1,1,0,2,0,0,0,4
0,0,0,0,0,5,0,0,0,2,0,3,63
0,0,0,0,0,6,0,0,0,2,0,1,62
0,0,0,0,0,4,1,0,3,0,0,3,66
0,0,0,0,0,5,2,0,3,1,0,1,83
0,0,0,0,0,5,2,0,3,2,0,1,93
14,3,17,0,2,3,116,19,135,0,17,4,46
19,2,15,0,3,2,152,21,156,1,10,8,59
20,2,23,0,0,1,162,17,193,2,8,10,72
27,2,26,0,1,3,178,11,178,5,6,16,78
19,2,20,1,2,2,196,13,187,1,2,17,74
1,1,0,0,0,14,6,4,9,1,1,0,177
0,0,0,0,0,17,5,0,9,2,0,0,176
0,0,0,0,0,14,2,1,6,2,0,0,165
0,0,0,0,0,14,4,4,4,2,0,0,166
0,0,1,0,0,12,4,1,4,0,1,0,184
0,0,0,0,0,9,5,4,5,2,1,0,175
8,1,2,0,3,15,65,6,16,0,0,26,175
1,1,0,0,0,13,5,4,6,0,0,0,183
2,15,0,0,3,6,5,32,7,0,0,1,106
1,7,2,0,2,6,0,44,7,1,0,4,101
2,12,3,0,0,8,1,35,4,0,0,2,96
2,17,1,0,1,6,2,38,3,1,1,4,85
11,3,1,0,0,0,51,6,9,0,0,0,24
0,1,0,0,1,4,2,1,3,0,0,0,14
0,1,0,0,0,6,3,1,5,0,0,0,21
2,0,0,0,0,15,7,4,6,1,0,2,204
2,1,6,0,,7,27,6,17,0,0,,67
1,1,5,0,,10,24,7,22,0,0,,93
3,1,5,0,0,13,28,5,20,0,0,0,98
6,1,2,0,0,15,28,7,17,0,0,0,98
10,1,2,0,2,11,22,2,11,0,0,6,41
9,1,4,1,2,7,27,2,15,0,0,9,48
9,0,4,0,2,9,40,0,19,0,0,12,57
9,2,3,0,2,8,48,0,20,0,1,15,71
13,3,4,0,5,10,66,6,35,0,1,20,103
24,3,4,,7,11,80,7,36,,,24,109
27,4,8,0,7,15,78,4,42,0,0,23,122
0,0,0,0,0,5,3,0,7,2,0,2,112
2,1,3,,1,29,26,8,23,,,12,428
2,2,3,1,1,32,27,14,25,,,14,471
3,2,5,1,,30,35,16,29,,,15,495
8,2,2,2,2,27,51,17,30,,,16,516
13,0,10,0,2,1,104,6,91,0,0,13,34
0,0,0,0,0,0,2,0,6,0,0,0,6
1,1,1,,1,17,21,7,10,0,,20,264
0,1,1,,2,18,15,7,9,2,,23,274
2,2,,,,3,4,3,5,,,1,33
3,9,20,,4,42,33,27,99,4,2,29,411
2,8,14,,4,34,19,21,45,1,1,21,275
1,,,,1,4,7,8,3,,,1,103
3,1,,,2,9,8,6,5,,,,135
0,0,1,0,0,3,2,1,1,0,0,0,75
0,0,1,0,0,1,2,2,1,0,0,0,68
0,0,1,0,0,1,3,1,0,1,0,0,55
0,0,1,0,0,0,1,1,1,1,0,0,41
0,1,0,0,0,0,0,1,2,0,0,0,54
0,0,0,0,0,4,2,1,3,0,1,0,78
0,4,0,0,1,6,1,10,1,1,1,1,71
0,2,0,0,1,6,1,6,4,1,0,0,75
0,2,0,0,0,7,2,5,2,0,0,2,57
0,1,1,0,0,7,4,3,2,0,0,3,46
0,0,0,0,0,8,0,1,4,0,0,0,84
1,1,,,2,7,13,5,2,,,4,155
2,1,,,3,17,10,5,6,,1,5,214
4,,,,,17,15,8,5,1,1,13,244
6,,5,,1,27,18,8,20,1,1,12,308
8,2,3,,5,35,26,10,26,2,1,15,359
12,6,3,,4,11,55,8,12,,1,28,74
7,6,2,,3,12,58,17,12,,2,28,73
6,6,1,,3,15,55,18,17,,2,28,74
10,6,5,0,1,13,60,17,17,0,1,27,87
3,4,1,0,8,11,21,29,13,1,1,55,152
3,3,1,0,7,12,27,28,8,1,1,47,148
7,6,1,0,7,99,25,22,6,2,1,71,169
7,6,3,0,14,14,33,21,8,2,1,90,199
6,6,3,,0,7,37,9,17,,,2,69
2,3,3,,1,6,27,9,15,,,3,71
5,3,2,,1,10,25,8,12,,,4,64
4,2,1,,1,9,24,8,13,,,7,73
5,2,1,,1,7,18,8,16,,,8,70
4,2,2,,0,9,21,9,18,,,11,68
4,2,2,,2,7,21,7,19,,,9,65
6,1,2,,2,7,31,4,17,,,7,71
7,0,3,,2,6,30,4,18,,,4,76
1,0,1,0,,10,18,0,15,0,0,,73
1,1,1,0,1,8,14,20,3,0,0,21,149
1,2,2,0,1,9,16,26,8,0,0,43,129
2,2,4,0,2,11,19,26,12,0,0,34,118
2,2,2,0,2,8,15,18,12,0,0,32,112
3,1,0,0,3,8,9,19,15,1,0,41,126
3,9,0,0,4,11,41,14,8,0,0,22,165
5,10,0,0,7,20,48,17,8,0,0,36,185
9,6,0,0,7,17,40,11,9,0,0,31,201
7,5,0,0,6,15,36,13,7,0,0,37,181
6,4,0,0,5,21,28,18,11,0,0,41,173
8,4,2,0,2,18,30,18,9,0,0,33,162
6,5,3,0,2,15,36,17,11,0,0,23,163
9,4,3,0,3,19,49,10,15,0,0,20,203
7,4,3,0,1,22,49,13,17,1,0,24,219
4,1,4,0,8,33,36,16,22,1,0,51,303
6,4,11,,2,32,43,19,69,8,,17,259
4,1,10,,5,37,49,16,64,11,,17,240
8,2,8,,3,27,55,15,66,12,,18,236
8,1,13,,2,33,56,13,76,6,,23,260
12,3,17,,2,31,63,10,78,5,,29,290
14,3,20,,3,31,70,17,94,6,2,23,328
16,1,24,,6,33,98,21,106,3,,20,388
11,5,4,5,5,28,56,14,16,1,23,56,220
4,9,0,0,3,13,44,24,6,0,0,14,183
13,6,5,0,0,9,65,18,16,0,1,27,92
8,5,2,0,15,14,30,28,10,1,1,109,191
3,4,2,0,18,16,38,26,13,0,0,131,194
3,9,3,0,21,16,33,24,11,0,0,138,200
14,,24,,9,40,111,24,128,6,1,29,389
3,7,8,,4,42,13,13,37,4,3,23,317
1,0,28,0,4,1,1,3,182,0,0,31,15
1,0,32,0,0,2,2,0,186,1,2,0,10
0,0,0,0,0,7,2,1,2,0,0,14,57
0,0,0,0,2,9,1,0,1,0,0,7,46
0,0,0,0,3,7,1,0,1,0,0,6,45
0,1,0,0,3,7,0,0,1,0,0,5,44
0,1,0,0,1,6,2,0,0,0,0,7,36
0,0,0,0,1,7,3,0,2,0,0,9,26
12,1,1,0,0,6,53,6,13,0,0,0,15
11,0,1,0,0,6,58,3,11,0,0,0,22
9,0,0,0,0,7,42,4,10,0,0,0,26
9,0,0,0,0,6,38,5,9,0,0,0,17
4,0,0,0,0,2,43,8,11,0,0,0,36
2,1,2,1,0,1,19,5,4,0,0,0,13
0,1,1,0,0,0,15,2,3,0,0,0,11
1,1,2,0,0,0,16,1,3,0,0,0,7
0,0,2,0,0,0,9,0,2,0,0,0,7
0,0,1,0,0,1,10,1,1,0,0,0,3
0,5,0,0,0,1,0,28,1,0,0,0,0
0,30,0,0,0,0,0,109,1,0,0,0,2
0,26,0,0,0,0,0,87,2,0,0,0,5
0,22,1,0,0,0,0,61,1,0,0,0,4
0,14,0,0,0,0,0,61,0,0,0,0,4
0,0,1,0,1,17,1,0,9,2,0,6,159
0,0,1,0,0,14,0,0,6,0,0,3,169
1,0,0,0,0,14,4,1,9,1,0,3,167
2,0,2,0,0,14,3,2,5,0,0,2,158
1,0,2,0,0,18,3,2,5,2,0,1,144
1,1,1,0,0,25,3,7,4,0,0,0,218
1,1,0,0,2,25,1,6,5,0,0,0,236
1,2,0,0,0,23,2,9,3,1,2,0,219
2,3,1,0,0,20,2,7,5,0,2,0,213
2,1,2,0,0,19,1,8,6,1,1,0,225
1,2,1,0,0,21,2,5,5,0,1,0,256
1,1,1,0,0,34,3,6,6,0,0,0,227
10,9,2,0,1,9,39,31,12,0,1,2,120
6,6,1,0,0,9,39,29,11,0,0,0,112
8,5,2,0,1,15,45,25,12,0,0,5,111
10,7,1,0,0,9,42,30,11,0,0,4,118
0,5,0,0,0,7,2,13,4,3,0,0,97
0,4,1,0,0,4,1,24,3,3,0,0,121
0,3,1,0,0,2,2,23,1,2,0,0,120
0,3,0,0,0,5,3,11,0,1,0,0,90
0,2,0,0,0,8,3,13,4,0,0,0,119
0,5,0,0,0,7,2,9,3,0,0,0,103
0,2,0,0,0,6,3,10,3,0,0,0,111
8,11,1,0,1,5,35,27,9,1,1,2,123
10,8,14,0,0,37,77,27,118,6,0,0,376
12,7,16,1,0,47,83,26,144,3,4,0,421
20,5,27,0,0,58,94,20,151,1,3,0,516
20,4,32,0,0,77,103,25,195,1,3,0,506
25,6,32,1,0,72,96,20,212,2,0,0,549
20,5,22,1,0,50,78,16,145,1,0,0,389
1,3,,,,15,3,25,,2,1,,132
11,0,1,0,0,3,60,6,6,1,0,0,21
4,0,2,1,0,1,16,3,4,0,0,0,9
0,0,0,0,0,1,1,1,0,0,0,1,1
2,0,1,0,0,1,7,3,1,0,0,0,16
1,3,1,0,2,9,3,9,4,2,0,8,81
0,3,1,0,2,7,2,7,2,1,1,2,65
1,3,2,0,4,6,3,5,7,1,1,4,63
0,3,3,0,1,6,3,7,8,0,1,2,60
2,2,1,0,1,8,8,11,12,0,1,1,59
13,2,3,0,2,14,51,26,15,0,0,14,101
0,0,0,0,0,15,0,1,4,1,0,1,56
0,0,1,0,0,13,1,0,5,1,0,2,55
1,1,1,0,0,35,5,3,4,1,0,6,258
2,0,1,0,,13,14,0,13,0,0,,76
4,0,3,0,,16,15,0,12,0,0,,89
2,0,4,0,0,20,17,2,17,0,0,0,97
4,1,4,0,0,18,13,0,14,,,0,101
9,5,4,0,1,14,52,27,15,0,0,10,103
20,3,26,1,0,54,88,23,144,1,1,0,383
2,0,0,0,0,1,10,8,3,0,0,1,26
1,0,39,0,0,1,1,0,203,1,1,0,12
1,0,51,0,0,2,0,2,209,1,0,0,16
11,7,16,0,0,33,38,25,82,1,0,0,380
10,7,13,0,0,44,38,22,72,1,0,0,346
6,3,14,0,0,43,45,27,86,4,0,0,339
10,7,10,0,0,37,66,24,106,6,0,0,387
11,7,16,1,2,43,74,19,115,3,3,12,348
15,5,22,0,3,53,85,14,121,1,2,19,423
17,4,26,0,4,67,88,18,149,1,2,21,406
23,6,29,1,6,60,78,17,166,2,0,20,454
21,5,22,1,4,45,79,18,117,1,0,21,332
21,3,27,1,4,58,79,21,135,1,0,14,348
1,0,2,0,0,16,2,0,9,5,0,9,164
1,,3,,,19,24,20,12,,,4,253
3,,2,,1,20,21,13,11,,1,6,289
3,,3,,,29,22,17,16,,1,8,297
3,1,2,,1,28,17,23,24,,1,11,295
5,2,1,,2,24,27,18,25,,1,14,296
5,3,2,,2,25,19,21,28,,1,11,299
8,1,3,,2,23,20,15,34,,1,5,327
3,3,1,0,2,17,3,9,2,2,0,15,100
2,1,0,0,4,14,4,4,1,0,0,12,39
1,1,0,0,2,14,5,3,0,0,0,7,38
2,0,0,0,1,19,5,2,0,0,0,8,37
2,0,0,0,2,20,3,2,1,0,0,9,45
8,3,1,0,4,66,47,27,12,3,0,55,464
14,7,1,0,7,61,42,22,12,2,0,64,486
14,7,2,0,8,79,45,27,14,4,0,74,480
10,10,2,0,10,82,46,30,19,3,0,100,571
10,7,2,0,0,30,56,45,9,2,0,5,267
10,9,5,0,0,26,59,50,13,2,3,5,241
8,12,6,0,1,27,64,43,21,2,3,4,254
9,13,5,0,4,27,61,42,19,3,2,7,262
12,8,2,0,2,43,53,45,17,0,1,14,253
0,2,0,0,1,38,17,23,16,1,0,10,546
1,0,0,0,4,36,23,28,24,2,0,55,549
0,2,2,0,6,40,26,33,24,7,1,65,508
2,1,3,0,6,34,26,27,25,5,1,65,502
4,1,3,0,2,32,33,34,29,3,0,82,524
3,2,5,0,2,72,32,18,15,2,0,26,547
3,4,6,0,3,73,49,20,16,1,0,29,566
4,1,5,0,3,63,47,10,15,0,0,50,570
2,3,3,0,5,57,44,14,13,0,0,69,555
6,1,3,0,11,55,40,14,9,1,0,102,542
8,4,4,0,13,63,40,17,14,1,0,106,566
9,5,5,0,15,72,46,22,21,3,0,84,617
10,4,5,0,9,73,49,19,31,3,0,60,650
10,2,4,0,2,69,52,13,37,2,0,36,701
1,5,1,0,4,59,26,12,30,3,0,46,562
11,10,4,0,14,88,40,33,25,0,0,154,614
11,11,5,0,17,128,59,43,30,1,0,214,669
9,11,8,0,23,140,63,40,37,1,2,229,745
6,5,7,0,4,26,15,10,16,0,0,7,93
8,6,5,0,2,33,18,15,20,0,0,2,106
11,3,5,0,2,35,18,15,22,1,0,7,123
13,3,7,0,2,37,28,14,22,1,0,7,138
1,0,0,0,1,20,2,1,6,0,0,15,106
0,0,1,0,0,9,2,1,6,0,0,10,85
0,0,0,0,0,13,1,1,4,0,0,7,67
0,0,0,0,0,10,0,1,1,0,0,3,58
0,0,0,0,0,14,0,0,0,0,0,6,67
0,0,0,0,0,19,0,0,0,0,0,8,70
5,1,8,0,1,56,24,2,23,3,0,10,321
7,0,5,0,1,65,39,4,29,5,1,21,368
10,0,8,0,4,99,63,6,50,7,1,40,498
6,0,13,1,3,102,72,6,58,7,1,51,538
11,1,14,1,6,111,91,5,69,12,5,69,598
17,3,6,0,0,16,86,4,25,0,0,0,66
6,2,5,0,0,13,97,4,23,0,0,0,61
7,2,3,0,0,14,88,11,22,0,0,0,70
9,2,3,0,0,13,75,12,21,1,0,0,64
6,0,2,0,0,9,48,18,21,0,0,0,59
10,2,1,1,,23,32,8,35,9,11,,237
5,2,1,2,,23,38,12,34,10,10,,261
1,1,2,2,,20,36,12,20,9,6,,205
3,1,1,2,,21,41,10,13,5,4,,188
6,1,,3,,15,33,9,14,1,1,,169
0,1,1,0,0,10,7,5,2,0,1,1,104
1,0,0,0,0,16,3,3,5,1,0,0,126
0,2,0,0,1,16,3,6,5,1,0,5,147
1,3,1,0,0,26,5,10,7,1,2,2,185
19,1,14,1,11,128,107,5,88,17,6,84,634
0,4,0,0,0,17,1,23,4,1,0,0,208
0,4,0,0,0,15,2,40,3,2,0,0,301
1,2,2,0,0,12,1,37,3,2,0,0,279
1,3,0,0,0,12,1,30,3,2,0,0,196
1,4,0,0,0,20,3,31,5,4,0,0,262
1,2,0,0,0,25,4,29,7,4,0,0,233
0,2,0,0,0,26,4,46,7,4,0,0,288
5,5,22,0,0,136,42,11,99,6,0,0,789
6,5,30,1,0,129,36,19,126,4,1,0,768
8,6,29,1,0,123,39,17,129,5,2,0,791
8,3,37,0,0,130,41,15,128,3,1,0,736
8,2,38,0,0,136,47,17,151,4,1,0,755
6,2,27,0,0,100,33,12,124,2,0,0,543
1,14,,,,52,14,57,,9,,,499
19,2,5,0,0,18,88,3,23,0,0,0,61
24,5,14,0,11,24,97,9,44,1,0,11,80
4,3,24,0,0,112,40,12,134,2,0,0,561
5,6,16,0,0,123,34,12,116,7,0,0,814
5,5,14,0,0,113,40,10,109,5,0,0,808
5,5,14,0,0,120,32,8,103,6,0,0,766
3,2,2,,1,77,24,19,22,1,1,9,912
4,6,3,,1,105,26,16,34,1,1,12,964
6,5,5,,3,113,33,21,37,4,,20,1072
7,8,4,,3,113,37,20,61,3,,26,1224
3,7,8,,5,125,47,22,65,4,2,32,1326
3,6,10,,7,144,38,20,76,4,4,37,1398
7,8,12,,7,155,51,29,83,4,3,31,1429
1,0,1,0,0,40,13,6,12,1,0,6,230
1,2,0,0,1,43,16,9,13,2,0,7,276
9,2,5,0,,31,26,7,42,6,5,,240
0,2,1,0,0,0,0,0,0,0,0,0,1
0,3,3,0,0,0,2,2,2,0,0,2,13
0,2,2,0,2,4,3,5,2,0,0,8,21
0,3,1,0,2,8,3,8,3,0,0,11,25
0,4,1,0,5,13,3,7,4,0,1,13,28
7,3,7,,3,10,26,5,30,6,,18,152
5,4,3,,1,12,25,5,38,10,,16,141
2,3,3,,5,16,27,6,36,10,,15,132
4,4,6,,4,12,26,6,42,8,,15,158
8,4,4,,2,17,32,14,41,6,,12,159
8,1,6,,3,15,41,12,53,3,,13,177
4,2,6,,2,22,40,17,63,2,,9,185
5,4,11,,3,21,45,15,67,2,,16,183
0,0,1,0,0,4,5,2,21,0,0,1,33
0,2,3,0,1,32,4,2,3,2,0,6,73
2,4,2,0,3,37,4,2,5,1,0,7,81
2,2,2,0,5,49,6,1,4,0,0,5,93
2,2,3,0,3,65,4,0,6,1,0,9,89
6,11,27,0,0,114,37,22,120,3,0,0,638
7,11,21,0,0,103,33,24,130,2,0,0,610
8,9,23,0,0,81,26,23,141,3,0,0,642
6,9,24,0,0,89,35,27,160,2,0,0,669
9,6,36,0,0,91,35,33,185,3,1,0,701
11,5,39,0,0,83,38,30,174,4,2,0,603
18,5,57,0,0,118,54,29,203,4,2,0,675
0,0,1,0,0,1,3,3,10,1,0,1,17
6,0,8,0,0,3,10,6,54,1,0,4,87
5,1,12,0,1,4,12,9,59,2,0,5,109
0,2,10,0,0,16,17,9,45,2,0,0,269
2,3,13,0,0,23,18,9,57,2,0,0,294
2,3,14,0,0,19,23,13,58,2,0,0,285
3,3,12,0,0,17,23,11,61,0,0,0,284
3,3,11,0,0,18,20,13,62,0,0,7,259
3,3,10,0,0,15,19,15,75,0,0,7,276
3,3,13,0,1,19,26,20,99,0,0,7,289
4,3,20,0,0,23,23,17,117,0,0,5,304
3,2,16,0,1,21,23,9,88,0,1,1,227
3,1,16,0,1,18,17,7,70,0,1,5,194
7,11,16,0,0,83,12,6,27,2,0,0,387
4,5,12,0,0,81,12,10,41,4,0,0,364
1,4,14,0,0,88,12,11,59,4,0,0,355
3,8,15,0,0,97,14,12,59,3,0,0,355
5,8,10,0,3,85,13,11,70,2,0,6,353
5,6,13,0,1,66,7,8,66,3,0,6,367
3,6,11,0,2,70,9,7,64,2,0,10,382
5,3,15,0,3,67,9,15,61,2,1,10,384
5,4,17,0,3,74,15,20,67,3,2,14,401
10,5,36,0,4,113,32,19,103,2,1,17,478
2,0,0,0,0,7,3,0,1,0,0,0,13
1,0,0,0,0,1,1,0,1,0,0,1,1
3,0,0,0,0,4,3,0,0,0,0,0,1
4,0,1,0,0,9,1,0,1,0,0,2,3
4,0,1,0,0,11,1,0,1,0,0,2,5
1,0,0,0,0,8,0,1,0,0,0,1,2
1,0,0,0,1,9,0,1,0,0,0,1,3
4,2,1,,,12,7,2,3,1,,1,138
2,,1,,,6,8,4,2,,,1,136
1,2,2,0,0,29,3,6,11,1,0,0,89
1,3,4,0,0,25,9,3,14,1,0,0,76
3,0,4,0,0,26,14,3,16,0,0,0,81
2,2,8,0,0,29,12,4,15,0,0,0,77
4,2,14,0,1,29,9,6,13,0,1,3,91
4,1,13,0,2,41,9,7,23,0,0,3,98
2,2,18,0,2,25,14,2,12,0,0,0,58
2,0,1,0,2,27,1,2,2,0,0,4,78
0,0,0,0,0,10,1,0,0,0,0,0,16
15,3,8,2,14,56,17,5,25,3,1,19,116
0,5,1,0,0,13,0,5,12,0,0,3,41
4,7,0,1,0,14,11,15,5,1,1,5,98
6,26,0,0,0,11,3,13,1,0,0,2,100
14,42,1,0,2,27,12,38,4,0,0,2,195
11,32,0,2,0,19,18,19,10,2,0,9,201
13,31,2,2,0,22,19,34,9,2,0,10,191
9,3,8,0,1,38,11,3,28,0,0,3,107
9,4,11,0,1,25,5,4,24,0,0,1,102
5,3,11,0,3,18,9,2,16,0,0,1,73
2,,,1,2,3,4,1,1,,7,8,10
3,,1,,,13,11,2,9,1,,,148
3,1,2,,,15,17,3,10,2,,1,151
7,,1,,3,23,19,9,6,2,,3,150
8,1,,,3,23,19,8,7,,,5,179
